volume,band,docs,added_pairs,agr_docs,agr_pairs,agr_rows_distinct,docs_gaining
frus1861,1861-1899,312,878,312,1535,2127,292
frus1862,1861-1899,720,2375,716,3878,5438,691
frus1863p1,1861-1899,695,2897,695,4488,6735,608
frus1863p2,1861-1899,641,1980,639,3359,4403,592
frus1864p1,1861-1899,398,2832,397,3877,7114,350
frus1864p2,1861-1899,594,3527,594,5041,7567,508
frus1864p3,1861-1899,529,2029,529,3247,4838,524
frus1864p4,1861-1899,484,1322,480,2241,2698,439
frus1865p1,1861-1899,391,2578,391,3538,6387,390
frus1865p2,1861-1899,675,2393,674,4027,5794,640
frus1865p3,1861-1899,766,3245,765,4922,6993,718
frus1865p4,1861-1899,1146,4178,1072,4502,5698,1064
frus1866p1,1861-1899,516,2747,515,3937,5915,471
frus1866p2,1861-1899,558,1844,557,3148,4560,467
frus1866p3,1861-1899,223,2671,223,3207,6177,215
frus1867p1,1861-1899,640,2201,636,3567,5363,542
frus1867p2,1861-1899,515,3399,515,4628,7882,460
frus1868p1,1861-1899,399,2512,397,3398,6126,382
frus1868p2,1861-1899,668,3250,668,4734,8118,598
frus1870,1861-1899,300,977,299,1676,2699,235
frus1871,1861-1899,436,2046,434,3034,4905,374
frus1872p1,1861-1899,502,1738,496,2860,4395,374
frus1872p2v1,1861-1899,512,2011,502,3009,6867,431
frus1872p2v2,1861-1899,272,823,239,1208,2734,189
frus1872p2v3,1861-1899,40,1001,38,1001,2257,38
frus1872p2v4,1861-1899,50,914,47,916,2593,47
frus1872p2v5,1861-1899,163,674,152,857,1940,135
frus1873p2v3,1861-1899,84,1330,80,1366,2209,80
frus1874,1861-1899,816,3170,810,5023,8912,599
frus1875v01,1861-1899,308,1634,308,2360,4156,262
frus1875v02,1861-1899,399,1670,399,2579,4251,302
frus1876,1861-1899,349,1570,347,2285,3527,283
frus1877,1861-1899,354,1450,353,2216,3387,297
frus1877app,1861-1899,46,69,45,158,200,35
frus1878,1861-1899,550,2575,546,3883,6147,450
frus1879,1861-1899,535,2049,525,3256,5400,427
frus1880,1861-1899,667,2345,665,3884,6219,563
frus1881,1861-1899,755,2726,754,4486,7578,649
frus1882,1861-1899,405,1474,405,2453,4674,350
frus1883,1861-1899,600,2211,600,3674,6862,514
frus1884,1861-1899,474,1471,474,2620,4940,379
frus1885,1861-1899,715,2406,713,4155,7612,613
frus1886,1861-1899,452,2669,450,3685,6914,346
frus1887,1861-1899,701,3139,701,4778,8010,646
frus1888p1,1861-1899,715,2662,715,5460,8743,633
frus1888p2,1861-1899,644,2205,642,3759,7336,557
frus1889,1861-1899,350,1728,350,2571,6043,312
frus1890,1861-1899,502,2318,502,3509,7568,462
frus1891,1861-1899,688,2538,684,4004,6777,539
frus1892,1861-1899,536,1828,536,3113,5732,470
frus1893,1861-1899,698,2366,698,4049,7173,541
frus1894,1861-1899,825,2117,823,4009,6592,665
frus1894Nicaragua,1861-1899,138,817,138,1165,1918,114
frus1894app1,1861-1899,812,1935,807,3621,5533,582
frus1894app2,1861-1899,522,4759,522,5631,9806,457
frus1895p1,1861-1899,686,2223,686,3693,7264,564
frus1895p2,1861-1899,767,2513,767,4296,8518,623
frus1896,1861-1899,897,2972,897,4997,8704,741
frus1897,1861-1899,621,1917,621,3279,5124,532
frus1898,1861-1899,1194,2696,1191,5129,7631,830
frus1899,1861-1899,810,2407,807,4182,6621,657
frus1900,1900-1929,1075,2832,1063,4959,8246,810
frus1901,1900-1929,543,1427,520,2551,4109,421
frus1901China,1900-1929,312,888,306,1524,2309,161
frus1902,1900-1929,1028,3015,1022,5340,8932,828
frus1902app1,1900-1929,198,1156,168,1170,2208,168
frus1902app2,1900-1929,116,1550,110,1550,2759,110
frus1903,1900-1929,836,2051,817,3700,5938,538
frus1904,1900-1929,949,1881,944,3942,6166,623
frus1905,1900-1929,1136,3136,1105,4119,6663,979
frus1906p1,1900-1929,738,2412,726,3178,5454,594
frus1906p2,1900-1929,612,2108,580,2618,4528,529
frus1907p1,1900-1929,469,1266,456,1642,2263,419
frus1907p2,1900-1929,524,1545,497,1922,3019,441
frus1908,1900-1929,757,1962,727,2519,3828,643
frus1909,1900-1929,619,1607,605,2044,3105,549
frus1910,1900-1929,960,2338,923,3045,4592,812
frus1911,1900-1929,1078,2253,955,2276,2818,952
frus1912,1900-1929,1860,4125,1669,4174,5722,1667
frus1913,1900-1929,1710,3648,1452,3679,5133,1449
frus1914,1900-1929,1865,4061,1800,5332,7199,1628
frus1914-20v01,1900-1929,706,1280,698,2002,2987,575
frus1914-20v02,1900-1929,414,903,410,1324,2051,326
frus1915,1900-1929,1915,4212,1844,5543,7756,1666
frus1916,1900-1929,1326,2724,1228,3673,5223,1017
frus1917,1900-1929,1478,2826,1369,3875,5699,1054
frus1917Supp02v02,1900-1929,459,93,433,1237,1816,65
frus1918,1900-1929,733,1520,726,2337,3237,504
frus1918Supp01v02,1900-1929,912,164,903,2709,3737,108
frus1919Parisv02,1900-1929,704,1410,667,2127,2969,521
frus1919Parisv03,1900-1929,69,3365,69,3368,7456,69
frus1919Parisv04,1900-1929,58,1871,58,1873,5995,58
frus1919Parisv05,1900-1929,89,1599,89,1604,6323,89
frus1919Parisv06,1900-1929,94,1536,93,1550,4572,91
frus1919Parisv07,1900-1929,46,1539,46,1541,5300,46
frus1919Parisv08,1900-1929,43,1555,43,1555,5060,43
frus1919Parisv09,1900-1929,53,1859,53,1861,5629,53
frus1919Parisv10,1900-1929,31,925,31,929,1250,31
frus1919Parisv11,1900-1929,409,2979,387,3158,6203,364
frus1919Parisv12,1900-1929,381,1784,376,2232,3773,349
frus1919Parisv13,1900-1929,2,2,1,2,2,1
frus1919v01,1900-1929,915,1471,881,2342,3250,526
frus1919v02,1900-1929,834,1451,804,2234,3156,558
frus1920v01,1900-1929,895,1433,859,2315,3266,494
frus1920v02,1900-1929,803,1265,794,2045,2765,536
frus1920v03,1900-1929,959,1528,948,2500,3505,602
frus1921v01,1900-1929,878,1161,853,2041,2794,543
frus1921v02,1900-1929,909,1361,880,2270,3181,589
frus1922v01,1900-1929,879,1607,850,2410,4496,532
frus1922v02,1900-1929,907,1359,880,2262,3307,609
frus1923v01,1900-1929,805,1438,786,2212,3118,529
frus1923v02,1900-1929,1025,1516,931,2315,3475,689
frus1924v01,1900-1929,691,1073,674,1737,2412,442
frus1924v02,1900-1929,653,881,648,1547,2173,416
frus1925v01,1900-1929,778,1203,759,1957,2785,490
frus1925v02,1900-1929,610,876,594,1477,2044,420
frus1926v01,1900-1929,858,1563,834,2409,4082,586
frus1926v02,1900-1929,671,1122,662,1806,2848,428
frus1927v01,1900-1929,415,881,409,1284,1821,296
frus1927v02,1900-1929,768,1216,758,1964,3052,468
frus1927v03,1900-1929,780,1366,766,2168,3460,527
frus1928v01,1900-1929,843,1688,820,2530,3383,540
frus1928v02,1900-1929,956,1548,941,2500,3751,607
frus1928v03,1900-1929,824,1290,816,2140,3568,519
frus1929v01,1900-1929,858,1679,837,2484,3605,626
frus1929v02,1900-1929,1096,2136,1079,3218,4962,777
frus1929v03,1900-1929,935,1802,921,2700,3978,701
frus1930v01,1930-1945,577,1039,568,1604,2233,389
frus1930v02,1930-1945,885,1655,872,2546,3880,602
frus1930v03,1930-1945,802,1617,794,2437,3781,622
frus1931-41v01,1930-1945,679,1030,584,1580,2489,422
frus1931-41v02,1930-1945,423,773,360,995,2222,283
frus1931v01,1930-1945,834,1793,817,2527,4107,620
frus1931v02,1930-1945,1110,2051,1097,3159,4745,853
frus1931v03,1930-1945,1008,2523,992,3408,6167,836
frus1932v04,1930-1945,794,281,792,3319,6426,208
frus1933v01,1930-1945,815,1973,800,2679,4460,653
frus1933v02,1930-1945,763,1820,748,2577,4124,573
frus1933v03,1930-1945,837,1670,814,2412,3803,622
frus1933v04,1930-1945,792,1272,768,1985,2730,484
frus1933v05,1930-1945,768,1686,751,2385,3970,568
frus1934v01,1930-1945,763,1712,740,2434,3983,574
frus1934v02,1930-1945,822,1541,777,2259,3392,573
frus1934v03,1930-1945,749,1548,731,2244,3782,527
frus1934v04,1930-1945,702,845,688,1541,2062,430
frus1934v05,1930-1945,639,1113,630,1741,2563,425
frus1935v01,1930-1945,911,1644,876,2457,4040,580
frus1935v02,1930-1945,659,1365,619,1900,3149,451
frus1935v03,1930-1945,1073,2409,1044,3383,5393,780
frus1935v04,1930-1945,934,1669,925,2572,3975,656
frus1936v01,1930-1945,691,1479,676,2097,3374,501
frus1936v02,1930-1945,887,1380,862,2183,3285,565
frus1936v03,1930-1945,586,887,578,1432,2069,358
frus1936v04,1930-1945,939,2393,923,3222,5381,700
frus1936v05,1930-1945,857,1546,842,2428,3863,579
frus1937v01,1930-1945,983,2008,944,2935,4673,672
frus1937v02,1930-1945,752,1421,732,2068,3440,501
frus1937v03,1930-1945,1112,1662,1085,2674,4169,676
frus1937v04,1930-1945,1025,1495,1007,2480,3805,581
frus1937v05,1930-1945,777,1282,759,2046,3035,481
frus1938v01,1930-1945,955,2548,937,3434,6136,790
frus1938v02,1930-1945,905,1844,871,2619,4232,647
frus1938v03,1930-1945,813,1198,785,1936,3041,499
frus1938v04,1930-1945,823,824,814,1638,2421,437
frus1938v05,1930-1945,893,1737,870,2599,3941,652
frus1939v01,1930-1945,1157,2147,1134,3238,5609,787
frus1939v02,1930-1945,871,1687,852,2490,3874,618
frus1939v03,1930-1945,872,1257,832,1996,3095,545
frus1939v04,1930-1945,950,1275,934,2197,3230,548
frus1939v05,1930-1945,744,1418,711,2102,3338,517
frus1940v01,1930-1945,896,1574,883,2453,4113,632
frus1940v02,1930-1945,1013,1707,974,2624,4032,646
frus1940v03,1930-1945,928,1501,909,2348,4022,575
frus1940v04,1930-1945,1106,1535,1060,2494,4084,648
frus1940v05,1930-1945,1267,2454,1231,3688,5537,947
frus1941-43,1930-1945,452,2118,422,2424,5312,399
frus1941v01,1930-1945,980,2157,941,3005,5202,713
frus1941v02,1930-1945,983,2315,959,3165,5381,758
frus1941v03,1930-1945,1043,1654,1014,2617,4072,688
frus1941v04,1930-1945,859,1840,804,2549,4416,644
frus1941v05,1930-1945,1010,1759,972,2697,4349,653
frus1941v06,1930-1945,626,870,586,1449,1974,411
frus1941v07,1930-1945,523,971,508,1481,2161,372
frus1942China,1930-1945,654,1775,643,2413,4251,546
frus1942v01,1930-1945,832,1619,785,2384,3680,563
frus1942v02,1930-1945,830,1959,804,2712,4636,677
frus1942v03,1930-1945,727,1832,697,2534,4763,583
frus1942v04,1930-1945,953,1735,935,2674,4240,678
frus1942v05,1930-1945,793,1611,774,2386,3374,539
frus1942v06,1930-1945,710,1300,695,1963,2709,507
frus1943,1930-1945,651,2376,582,2976,5641,538
frus1943China,1930-1945,809,2311,800,3098,5211,690
frus1943v01,1930-1945,979,2095,915,2964,5213,678
frus1943v02,1930-1945,913,2471,886,3394,6295,741
frus1943v03,1930-1945,988,2422,957,3326,5814,708
frus1943v04,1930-1945,1233,2727,1220,3922,6138,895
frus1943v05,1930-1945,876,1516,845,2377,3338,548
frus1943v06,1930-1945,717,1580,711,2345,3325,544
frus1944Quebec,1930-1945,304,1128,279,1389,2546,246
frus1944v01,1930-1945,1028,2384,991,3373,5683,756
frus1944v02,1930-1945,914,1760,872,2642,3946,677
frus1944v03,1930-1945,1321,3708,1285,4996,8233,1090
frus1944v04,1930-1945,1339,3431,1319,4776,8257,1119
frus1944v05,1930-1945,1253,2749,1196,3924,6066,924
frus1944v06,1930-1945,890,3254,886,4165,7255,794
frus1944v07,1930-1945,1556,3482,1519,4960,7280,1185
frus1945v02,1930-1945,797,3023,735,3730,9078,621
frus1945v03,1930-1945,1206,3624,1173,4786,8097,1007
frus1945v04,1930-1945,1214,3102,1194,4279,6889,1007
frus1945v05,1930-1945,1088,3875,1071,4977,9216,947
frus1945v06,1930-1945,1042,2806,1000,3764,6157,851
frus1945v07,1930-1945,1155,3585,1147,4737,8170,991
frus1945v08,1930-1945,1294,3129,1259,4335,6745,1040
frus1945v09,1930-1945,1216,2854,1176,3948,5711,933
frus1946v01,1946-,796,3353,730,3885,7639,679
frus1946v02,1946-,420,2624,360,2767,10719,342
frus1946v04,1946-,347,352,76,385,513,71
frus1946v05,1946-,747,2374,725,3090,5270,646
frus1946v06,1946-,692,2931,683,3555,6634,634
frus1946v07,1946-,731,2255,723,2947,5428,649
frus1946v08,1946-,880,2394,851,3189,5036,702
frus1946v09,1946-,752,3390,744,4325,13298,672
frus1946v10,1946-,1111,3436,1087,4639,10491,942
frus1946v11,1946-,1135,3268,1114,4291,6634,933
frus1947v01,1946-,540,2089,487,2522,4713,447
frus1947v03,1946-,745,2571,696,3086,5491,646
frus1947v04,1946-,583,2141,551,2589,4402,500
frus1947v05,1946-,936,2871,860,3479,6630,802
frus1947v06,1946-,909,2461,865,3235,5357,762
frus1947v07,1946-,1164,2796,1156,4032,6020,883
frus1947v08,1946-,915,2706,847,3351,5241,759
frus1948v01p1,1946-,273,1193,243,1330,2467,225
frus1948v01p2,1946-,263,869,232,1066,1732,218
frus1948v03,1946-,688,2325,637,2754,5046,589
frus1948v04,1946-,733,2432,684,2940,4935,625
frus1948v05p1,1946-,414,1312,390,1565,2839,360
frus1948v05p2,1946-,861,2793,822,3371,6271,758
frus1948v06,1946-,931,3119,904,3894,7322,820
frus1948v07,1946-,792,2156,792,2960,4412,618
frus1948v08,1946-,894,1514,869,2396,3516,583
frus1948v09,1946-,543,1699,487,2039,3322,439
frus1949v01,1946-,322,1480,285,1695,3278,259
frus1949v02,1946-,490,2100,453,2450,4123,419
frus1949v04,1946-,460,1842,424,2136,4446,396
frus1949v05,1946-,602,2440,556,2847,4923,520
frus1949v06,1946-,1242,4414,1152,5115,9163,1085
frus1949v07p1,1946-,423,1822,400,2113,4650,380
frus1949v07p2,1946-,387,1072,363,1409,2666,321
frus1949v08,1946-,1698,3802,1688,5489,8149,1166
frus1949v09,1946-,1463,2840,1439,4226,6287,995
frus1950v01,1946-,336,1261,284,1475,2409,264
frus1950v02,1946-,531,2315,472,2655,4992,439
frus1950v03,1946-,745,3373,684,3745,7518,647
frus1950v04,1946-,873,3253,802,3760,6740,739
frus1950v05,1946-,988,4503,932,5088,10531,894
frus1950v06,1946-,859,3638,811,4255,8301,769
frus1950v07,1946-,1103,3784,997,4535,9550,892
frus1951v01,1946-,772,2695,689,3193,5259,613
frus1951v02,1946-,898,4061,774,4508,7823,718
frus1951v06p1,1946-,811,3485,769,4068,8372,732
frus1951v06p2,1946-,503,2069,484,2422,5030,463
frus1951v07p1,1946-,919,3232,876,3891,8506,749
frus1951v07p2,1946-,334,1169,293,1407,2663,270
frus1952-54v01p1,1946-,227,1198,212,1390,2293,200
frus1952-54v01p2,1946-,370,1894,338,2113,3807,318
frus1952-54v12p1,1946-,433,1987,400,2183,4789,380
frus1952-54v12p2,1946-,439,1753,421,2063,3926,399
