volume,band,window_lo,window_hi,docs,docs_with_tei_year,marked_all,marked_fromto,fromto_known,fromto_unique_win,fromto_dated,fromto_unique_docyear,all_known,all_unique_win,control_filtered_rows,control_novel,novel_known,novel_unique_win
frus1861,1861-1899,1860,1861,312,312,696,696,639,291,696,291,639,291,1649,1591,877,416
frus1862,1861-1899,1860,1862,720,720,1625,1625,1444,582,1625,582,1444,582,4744,4581,1939,584
frus1863p1,1861-1899,1861,1863,695,695,1918,1918,1482,506,1918,494,1482,506,6580,6427,2980,643
frus1863p2,1861-1899,1862,1863,641,641,1500,1500,1318,546,1500,547,1318,546,3872,3559,1312,406
frus1864p1,1861-1899,1861,1864,398,398,1416,1416,903,297,1416,293,903,297,7910,7494,3348,551
frus1864p2,1861-1899,1861,1865,594,594,1779,1779,1126,247,1779,240,1126,247,8213,7972,3175,515
frus1864p3,1861-1899,1863,1864,529,529,1411,1406,1189,532,1406,532,1193,534,4462,4136,1474,315
frus1864p4,1861-1899,1863,1864,484,484,957,957,871,377,957,377,871,377,2496,2328,777,207
frus1865p1,1861-1899,1860,1865,391,391,1161,1128,1064,594,1128,589,1090,605,6837,6655,2946,748
frus1865p2,1861-1899,1863,1865,675,675,1857,1837,1277,429,1837,426,1284,431,5556,4942,2051,408
frus1865p3,1861-1899,1860,1866,766,766,1845,1807,1532,616,1807,621,1550,622,6409,5995,1832,441
frus1865p4,1861-1899,1865,1866,1146,1146,324,324,211,119,324,119,211,119,6915,6832,3734,284
frus1866p1,1861-1899,1860,1866,516,516,1403,1403,1167,363,1403,436,1167,363,6052,5808,2106,443
frus1866p2,1861-1899,1860,1866,558,558,1570,1570,1189,543,1570,542,1189,543,4335,4021,921,332
frus1866p3,1861-1899,1865,1866,223,223,631,631,528,142,631,142,528,142,7043,6648,1107,136
frus1867p1,1861-1899,1861,1868,640,640,1448,1448,1177,440,1448,431,1177,440,5041,4772,1489,423
frus1867p2,1861-1899,1866,1867,515,515,1483,1483,1105,359,1483,359,1105,359,8259,7751,1280,281
frus1868p1,1861-1899,1867,1869,399,399,994,994,724,241,994,253,724,241,6898,6532,2092,509
frus1868p2,1861-1899,1866,1868,668,668,1860,1860,1298,579,1860,532,1298,579,8045,7692,1595,547
frus1870,1861-1899,1869,1870,300,300,828,828,638,544,828,543,638,544,2571,2353,549,251
frus1871,1861-1899,1870,1871,436,436,1154,1154,954,833,1154,831,954,833,5287,4935,1269,407
frus1872p1,1861-1899,1870,1872,502,502,1340,1340,1114,981,1340,990,1114,981,4004,3772,649,99
frus1872p2v1,1861-1899,1811,1872,512,512,1044,1039,599,316,1039,221,602,319,7392,6674,2924,964
frus1872p2v2,1861-1899,1803,1873,272,272,490,490,357,263,490,268,357,263,3125,2855,1119,428
frus1872p2v3,1861-1899,1871,1872,40,40,0,0,0,0,0,0,0,0,3193,3193,1369,65
frus1872p2v4,1861-1899,1871,1872,50,50,2,2,2,2,2,2,2,2,4037,4037,1610,145
frus1872p2v5,1861-1899,1620,1872,163,163,200,200,150,94,200,122,150,94,2885,2833,745,249
frus1873p2v3,1861-1899,1793,1874,84,84,38,38,28,24,38,15,28,24,3717,3701,1678,389
frus1874,1861-1899,1873,1874,816,816,2293,2293,1851,1558,2293,1558,1851,1558,8696,8232,1676,244
frus1875v01,1861-1899,1871,1875,308,308,1015,1015,826,713,1015,710,826,713,4145,3933,797,220
frus1875v02,1861-1899,1873,1875,399,399,1132,1132,884,814,1132,812,884,814,4113,3887,865,182
frus1876,1861-1899,1870,1876,349,349,840,840,722,255,840,331,722,255,3562,3422,727,103
frus1877,1861-1899,1876,1877,354,354,863,863,726,457,863,457,726,457,3431,3240,608,87
frus1877app,1861-1899,1877,1877,46,46,90,90,66,30,90,30,66,30,270,256,41,8
frus1878,1861-1899,1877,1878,550,550,1568,1568,1260,1046,1568,1044,1260,1046,6121,5783,1412,215
frus1879,1861-1899,1851,1879,535,535,1510,1510,1201,983,1510,966,1201,983,5446,5117,1191,466
frus1880,1861-1899,1879,1880,667,667,1812,1812,1444,1165,1812,1162,1444,1165,5899,5460,1176,254
frus1881,1861-1899,1880,1881,755,755,2178,2178,1725,1027,2178,1025,1725,1027,6786,6209,1409,341
frus1882,1861-1899,1866,1882,405,405,1281,1281,993,675,1281,691,993,675,4150,3475,1191,287
frus1883,1861-1899,1882,1883,600,600,1845,1845,1446,1215,1845,1210,1446,1215,6432,5517,1102,320
frus1884,1861-1899,1881,1884,474,474,1429,1428,1124,922,1428,945,1125,923,4339,3646,785,325
frus1885,1861-1899,1884,1886,715,715,2283,2280,1632,1450,2280,1447,1633,1450,6852,6117,1184,511
frus1886,1861-1899,1884,1886,452,452,1178,1178,921,744,1178,744,921,744,7167,6912,1638,331
frus1887,1861-1899,1880,1888,701,701,1933,1933,1556,1298,1933,1327,1556,1298,8330,7890,2617,956
frus1888p1,1861-1899,1884,1889,715,715,3311,2076,1666,1341,2076,1363,2446,1923,6965,5528,1428,350
frus1888p2,1861-1899,1885,1889,644,644,1898,1898,1417,1100,1898,1100,1417,1100,6975,6419,2420,902
frus1889,1861-1899,1884,1890,350,350,1046,1046,809,652,1046,652,809,652,6125,5859,1736,725
frus1890,1861-1899,1889,1890,502,502,1536,1536,1174,1086,1536,1086,1174,1086,7411,6917,2529,1222
frus1891,1861-1899,1888,1892,688,688,1744,1740,1287,1119,1740,1162,1289,1121,6152,5810,1964,908
frus1892,1861-1899,1887,1892,536,536,1526,1526,1201,948,1526,1007,1201,948,5084,4367,1627,627
frus1893,1861-1899,1883,1894,698,698,2114,2114,1664,1081,2114,1178,1664,1081,6043,5394,1863,577
frus1894,1861-1899,1892,1895,825,825,2276,2276,1781,1430,2276,1430,1781,1430,5378,4629,1541,652
frus1894Nicaragua,1861-1899,1894,1895,138,138,445,445,281,272,445,272,281,272,1757,1643,388,115
frus1894app1,1861-1899,1886,1895,812,812,1821,1821,1234,1058,1821,1190,1234,1058,4490,3941,1083,465
frus1894app2,1861-1899,1826,1895,522,522,970,970,858,621,970,766,858,621,11212,11003,5456,2171
frus1895p1,1861-1899,1893,1896,686,686,1686,1686,1323,1199,1686,1221,1323,1199,6841,6169,2053,979
frus1895p2,1861-1899,1877,1896,767,767,2141,2141,1625,1049,2141,1410,1625,1049,7367,6766,2157,746
frus1896,1861-1899,1890,1897,897,897,2438,2438,1926,1399,2438,1504,1926,1399,7579,6903,1935,782
frus1897,1861-1899,1896,1898,621,621,1536,1536,1203,1092,1536,1091,1203,1092,4285,3889,1550,801
frus1898,1861-1899,1894,1899,1194,1194,2784,2784,2270,2106,2784,2098,2270,2106,6101,5548,2012,941
frus1899,1861-1899,1893,1900,810,810,2082,2082,1666,1459,2082,1471,1666,1459,5557,5090,1679,797
frus1900,1900-1929,1897,1901,1075,1075,2565,2562,1988,1872,2562,1830,1990,1872,7267,6549,1867,1043
frus1901,1900-1929,1886,1902,543,543,1360,1360,1047,866,1360,918,1047,866,3457,3106,1084,461
frus1901China,1900-1929,1900,1901,312,312,728,728,577,574,728,395,577,574,2115,2055,293,219
frus1902,1900-1929,1891,1903,1028,1028,2921,2920,2256,2019,2920,2018,2256,2019,7327,6444,2116,1070
frus1902app1,1900-1929,1820,1902,198,198,45,45,25,24,45,23,25,24,3481,3477,1150,221
frus1902app2,1900-1929,1697,1903,116,116,0,0,0,0,0,0,0,0,4899,4899,554,199
frus1903,1900-1929,1901,1904,836,836,1929,1929,1480,1361,1929,1417,1480,1361,4766,4156,1578,808
frus1904,1900-1929,1901,1905,949,949,2363,2363,1935,1775,2363,1781,1935,1775,4532,3990,1574,846
frus1905,1900-1929,1903,1906,1136,1136,1254,1253,1076,868,1253,852,1076,868,6716,6038,2225,1144
frus1906p1,1900-1929,1901,1908,738,738,962,962,729,570,962,603,729,570,5517,5069,1922,827
frus1906p2,1900-1929,1900,1907,612,612,680,680,615,445,680,523,615,445,4702,4319,1187,583
frus1907p1,1900-1929,1904,1908,469,469,497,497,395,322,497,283,395,322,2318,2074,795,400
frus1907p2,1900-1929,1899,1909,524,524,455,455,400,280,455,274,400,280,3237,3028,958,413
frus1908,1900-1929,1898,1910,757,757,702,701,599,435,701,417,600,436,3987,3606,1289,713
frus1909,1900-1929,1906,1910,619,619,514,514,429,358,514,343,429,358,3130,2878,1198,662
frus1910,1900-1929,1907,1914,960,960,848,848,725,546,848,544,725,546,4702,4297,1549,781
frus1911,1900-1929,1903,1912,1078,1078,23,22,10,1,22,0,11,1,3411,3396,1483,568
frus1912,1900-1929,1906,1912,1860,1860,62,61,25,10,61,10,25,10,6798,6760,2695,889
frus1913,1900-1929,1909,1913,1710,1710,34,34,5,0,34,0,5,0,6139,6113,2027,653
frus1914,1900-1929,1907,1915,1865,1865,1372,1371,999,512,1371,528,999,512,6779,6055,2116,472
frus1914-20v01,1900-1929,1914,1917,706,706,752,752,668,171,752,170,668,171,2715,2177,1017,615
frus1914-20v02,1900-1929,1914,1921,414,414,434,434,373,39,434,132,373,39,1944,1616,659,308
frus1915,1900-1929,1911,1928,1915,1915,1542,1542,1116,536,1542,483,1116,536,7294,6484,2295,609
frus1916,1900-1929,1910,1916,1326,1326,1019,1019,783,345,1019,352,783,345,5309,4690,1359,399
frus1917,1900-1929,1899,1918,1478,1478,1164,1164,1045,795,1164,797,1045,795,6014,5408,1580,881
frus1917Supp02v02,1900-1929,1917,1928,459,459,1498,451,334,147,451,143,998,451,904,220,23,7
frus1918,1900-1929,1913,1919,733,733,889,887,644,413,887,424,644,413,2988,2781,835,331
frus1918Supp01v02,1900-1929,1917,1919,912,912,3310,916,756,318,916,318,2035,946,1661,372,28,0
frus1919Parisv02,1900-1929,1918,1919,704,704,741,740,516,229,740,250,516,229,2744,2553,784,194
frus1919Parisv03,1900-1929,1919,1919,69,69,3,3,1,1,3,1,1,1,8036,8034,2080,794
frus1919Parisv04,1900-1929,1919,1919,58,58,2,2,0,0,2,0,0,0,6753,6752,1496,868
frus1919Parisv05,1900-1929,1919,1919,89,89,7,7,2,1,7,1,2,1,6861,6859,2984,1300
frus1919Parisv06,1900-1929,1919,1919,94,94,14,14,0,0,14,0,0,0,5160,5160,1846,856
frus1919Parisv07,1900-1929,1919,1919,46,46,2,2,0,0,2,0,0,0,5913,5911,1037,453
frus1919Parisv08,1900-1929,1919,1919,43,43,0,0,0,0,0,0,0,0,5641,5641,1333,700
frus1919Parisv09,1900-1929,1919,1920,53,53,2,2,0,0,2,0,0,0,6379,6378,1312,532
frus1919Parisv10,1900-1929,1919,1920,31,31,6,6,0,0,6,0,0,0,1762,1758,373,27
frus1919Parisv11,1900-1929,1919,1919,409,409,183,183,129,91,183,91,129,91,6332,6269,4056,1149
frus1919Parisv12,1900-1929,1919,1920,381,381,476,475,252,41,475,35,253,41,4315,4000,838,153
frus1919Parisv13,1900-1929,1919,1919,2,2,0,0,0,0,0,0,0,0,13,13,2,2
frus1919v01,1900-1929,1913,1920,915,915,909,909,727,477,909,463,727,477,2803,2570,846,366
frus1919v02,1900-1929,1916,1920,834,834,818,818,668,430,818,377,668,430,2774,2614,917,331
frus1920v01,1900-1929,1917,1921,895,895,926,926,659,241,926,241,659,241,2763,2611,599,168
frus1920v02,1900-1929,1908,1921,803,803,800,800,684,406,800,406,684,406,2261,2183,767,219
frus1920v03,1900-1929,1917,1921,959,959,996,994,728,279,994,286,728,279,3124,2821,682,210
frus1921v01,1900-1929,1918,1922,878,878,921,919,672,417,919,347,672,417,2479,2300,664,192
frus1921v02,1900-1929,1914,1922,909,909,936,936,653,431,936,431,653,431,2580,2366,814,264
frus1922v01,1900-1929,1914,1923,879,879,817,815,667,497,815,504,669,498,4303,4007,1262,832
frus1922v02,1900-1929,1916,1923,907,907,947,946,659,498,946,494,659,498,2742,2508,776,249
frus1923v01,1900-1929,1916,1924,805,805,795,795,633,494,795,494,633,494,2865,2571,912,384
frus1923v02,1900-1929,1918,1924,1025,1025,825,825,569,455,825,454,569,455,3228,2969,844,289
frus1924v01,1900-1929,1921,1926,691,691,677,677,543,318,677,315,543,318,2253,2101,628,223
frus1924v02,1900-1929,1922,1925,653,653,693,693,542,386,693,362,542,386,1744,1618,623,200
frus1925v01,1900-1929,1922,1926,778,778,774,774,599,433,774,434,599,433,2405,2248,816,407
frus1925v02,1900-1929,1904,1926,610,610,614,614,493,317,614,289,493,317,1786,1621,758,243
frus1926v01,1900-1929,1924,1928,858,858,867,865,685,527,865,521,687,529,3552,3396,1056,481
frus1926v02,1900-1929,1920,1930,671,671,750,740,534,386,740,345,536,386,2543,2322,873,272
frus1927v01,1900-1929,1926,1928,415,415,408,408,331,248,408,248,331,248,1576,1365,476,140
frus1927v02,1900-1929,1921,1928,768,768,764,764,686,472,764,442,686,472,2590,2512,985,455
frus1927v03,1900-1929,1922,1928,780,780,837,837,677,501,837,499,677,501,2971,2805,1202,301
frus1928v01,1900-1929,1919,1931,843,843,899,894,722,559,894,549,723,560,2909,2635,742,331
frus1928v02,1900-1929,1923,1929,956,956,987,985,815,601,985,595,815,601,3282,3059,1131,400
frus1928v03,1900-1929,1913,1929,824,824,905,905,732,567,905,567,732,567,3000,2783,1074,332
frus1929v01,1900-1929,1900,1930,858,858,818,818,705,444,818,524,705,444,3328,2969,1131,402
frus1929v02,1900-1929,1926,1930,1096,1096,1110,1109,976,637,1109,637,976,637,4506,4198,1393,715
frus1929v03,1900-1929,1927,1930,935,935,932,932,737,536,932,481,737,536,3507,3287,1103,470
frus1930v01,1930-1945,1929,1937,577,577,574,571,460,400,571,380,463,402,1942,1804,597,293
frus1930v02,1930-1945,1929,1931,885,885,904,904,789,613,904,612,789,613,3844,3231,975,316
frus1930v03,1930-1945,1927,1934,802,802,856,856,620,470,856,377,620,470,3424,3183,1243,450
frus1931-41v01,1930-1945,1931,1941,679,679,555,555,377,332,555,322,377,332,2238,2086,492,240
frus1931-41v02,1930-1945,1936,1942,423,423,226,224,129,114,224,115,129,114,2136,2096,414,156
frus1931v01,1930-1945,1929,1932,834,834,745,745,630,453,745,431,630,453,3880,3546,1420,660
frus1931v02,1930-1945,1928,1933,1110,1110,1146,1146,981,767,1146,762,981,767,4427,4049,1444,655
frus1931v03,1930-1945,1931,1932,1008,1008,886,886,811,444,886,444,811,444,6357,5695,1940,794
frus1932v04,1930-1945,1932,1933,794,794,5225,722,690,463,722,463,2606,1263,3725,378,6,5
frus1933v01,1930-1945,1932,1934,815,815,708,704,573,419,704,406,577,420,4151,3847,1670,811
frus1933v02,1930-1945,1929,1934,763,763,793,792,617,457,792,412,618,458,4455,4084,1472,520
frus1933v03,1930-1945,1933,1934,837,837,743,743,675,553,743,552,675,553,3970,3437,713,165
frus1933v04,1930-1945,1932,1934,792,792,729,729,659,543,729,543,659,543,2421,2203,666,378
frus1933v05,1930-1945,1931,1934,768,768,712,709,670,606,709,606,673,608,3693,3498,1329,841
frus1934v01,1930-1945,1932,1936,763,763,736,735,645,498,735,469,646,498,3704,3421,1601,702
frus1934v02,1930-1945,1927,1935,822,822,733,733,587,393,733,465,587,393,3277,2968,892,465
frus1934v03,1930-1945,1931,1935,749,749,698,698,628,425,698,430,628,425,3598,3258,802,211
frus1934v04,1930-1945,1933,1935,702,702,704,703,600,431,703,430,600,431,1844,1449,313,141
frus1934v05,1930-1945,1933,1935,639,639,634,627,549,491,627,487,552,491,2291,2158,646,340
frus1935v01,1930-1945,1934,1936,911,911,815,813,709,409,813,327,711,409,3815,3465,1120,400
frus1935v02,1930-1945,1931,1936,659,659,541,538,417,328,538,314,418,328,2989,2793,851,399
frus1935v03,1930-1945,1933,1936,1073,1073,975,975,780,593,975,515,780,593,5231,4781,954,366
frus1935v04,1930-1945,1934,1936,934,934,909,909,812,631,909,624,812,631,3492,3202,810,458
frus1936v01,1930-1945,1934,1937,691,691,625,625,561,397,625,314,561,397,3196,2975,796,405
frus1936v02,1930-1945,1935,1937,887,887,810,806,589,377,806,377,592,378,3186,2832,772,279
frus1936v03,1930-1945,1933,1937,586,586,552,552,510,362,552,360,510,362,1814,1606,482,310
frus1936v04,1930-1945,1935,1937,939,939,829,829,682,477,829,477,682,477,5345,4978,1002,314
frus1936v05,1930-1945,1935,1937,857,857,921,919,821,602,919,602,822,602,3414,3099,874,336
frus1937v01,1930-1945,1936,1937,983,983,932,932,832,475,932,474,832,475,4247,3914,869,297
frus1937v02,1930-1945,1935,1938,752,752,652,652,567,452,652,445,567,452,3362,3053,1283,476
frus1937v03,1930-1945,1937,1937,1112,1112,1013,1013,848,616,1013,616,848,616,3873,3367,606,125
frus1937v04,1930-1945,1936,1938,1025,1025,987,987,842,576,987,576,842,576,3510,2943,901,215
frus1937v05,1930-1945,1936,1938,777,777,778,778,661,483,778,467,661,483,2618,2425,653,319
frus1938v01,1930-1945,1937,1939,955,955,887,887,820,566,887,562,820,566,5849,5538,1175,355
frus1938v02,1930-1945,1934,1939,905,905,780,780,703,412,780,388,703,412,4156,3783,1559,630
frus1938v03,1930-1945,1938,1938,813,813,738,738,525,377,738,377,525,377,2744,2444,563,129
frus1938v04,1930-1945,1937,1939,823,823,815,814,508,429,814,327,508,429,2095,1734,436,146
frus1938v05,1930-1945,1937,1939,893,893,883,883,732,545,883,574,732,545,3353,3225,986,472
frus1939v01,1930-1945,1939,1941,1157,1157,1092,1092,1009,847,1092,865,1009,847,4989,4670,894,326
frus1939v02,1930-1945,1938,1940,871,871,809,809,713,566,809,595,713,566,3513,3274,991,482
frus1939v03,1930-1945,1939,1940,872,872,739,739,532,394,739,383,532,394,2651,2450,611,192
frus1939v04,1930-1945,1938,1940,950,950,936,936,680,557,936,539,680,557,2916,2604,886,369
frus1939v05,1930-1945,1938,1943,744,744,695,694,593,461,694,448,593,461,2879,2746,924,448
frus1940v01,1930-1945,1939,1940,896,896,881,881,817,590,881,605,817,590,3680,3417,735,422
frus1940v02,1930-1945,1936,1941,1013,1013,918,908,779,538,908,549,788,538,3634,3293,961,441
frus1940v03,1930-1945,1938,1941,928,928,867,867,790,584,867,554,790,584,3595,3340,1387,688
frus1940v04,1930-1945,1940,1941,1106,1106,959,958,858,487,958,486,859,487,3636,3307,1033,256
frus1940v05,1930-1945,1939,1941,1267,1267,1248,1246,1133,739,1246,758,1135,739,4764,4460,1830,721
frus1941-43,1930-1945,1941,1943,452,452,312,306,169,23,306,20,169,23,5431,5347,2086,207
frus1941v01,1930-1945,1939,1942,980,980,848,848,768,615,848,607,768,615,4932,4497,1546,918
frus1941v02,1930-1945,1939,1941,983,983,850,850,747,571,850,568,747,571,5167,4827,1431,572
frus1941v03,1930-1945,1940,1942,1043,1043,968,968,903,799,968,793,903,799,3549,3379,1419,624
frus1941v04,1930-1945,1941,1945,859,859,716,713,616,461,713,405,618,461,4046,3774,1210,695
frus1941v05,1930-1945,1940,1942,1010,1010,941,922,785,503,922,501,801,503,3767,3386,1398,419
frus1941v06,1930-1945,1940,1941,626,626,588,588,518,425,588,425,518,425,1581,1467,528,252
frus1941v07,1930-1945,1940,1942,523,523,518,514,450,298,514,298,454,300,1917,1730,647,252
frus1942China,1930-1945,1941,1943,654,654,647,642,570,442,642,427,574,442,4228,3775,1525,625
frus1942v01,1930-1945,1941,1943,832,832,768,764,687,375,764,369,689,375,3330,3055,1025,474
frus1942v02,1930-1945,1940,1943,830,830,784,775,645,348,775,389,654,348,4140,3937,1118,382
frus1942v03,1930-1945,1941,1943,727,727,706,704,599,450,704,434,601,450,4403,4160,1031,515
frus1942v04,1930-1945,1941,1943,953,953,959,951,750,593,951,594,758,593,3709,3406,1208,534
frus1942v05,1930-1945,1941,1943,793,793,778,776,725,695,776,690,725,695,2931,2848,818,420
frus1942v06,1930-1945,1941,1944,710,710,667,667,588,444,667,414,588,444,2320,2128,710,246
frus1943,1930-1945,1943,1943,651,651,653,602,346,47,602,47,355,48,5810,5571,2364,384
frus1943China,1930-1945,1942,1944,809,809,797,788,483,340,788,326,490,343,4989,4604,1512,524
frus1943v01,1930-1945,1942,1944,979,979,869,862,703,514,862,475,707,515,4707,4451,1666,849
frus1943v02,1930-1945,1942,1944,913,913,926,905,743,541,905,537,752,541,5703,5452,1056,316
frus1943v03,1930-1945,1942,1944,988,988,910,905,832,635,905,600,837,637,5603,4992,1599,729
frus1943v04,1930-1945,1942,1945,1233,1233,1209,1173,1056,782,1173,751,1092,784,5527,5129,1945,905
frus1943v05,1930-1945,1942,1943,876,876,861,859,783,726,859,706,785,728,2732,2656,864,274
frus1943v06,1930-1945,1941,1944,717,717,768,766,677,529,766,515,679,531,2938,2742,995,338
frus1944Quebec,1930-1945,1944,1944,304,304,262,260,160,22,260,22,161,22,2624,2553,1180,223
frus1944v01,1930-1945,1943,1945,1028,1028,994,966,827,558,966,552,852,567,5253,4857,1857,922
frus1944v02,1930-1945,1943,1945,914,914,884,880,788,574,880,573,792,574,3331,3183,1543,705
frus1944v03,1930-1945,1942,1945,1321,1321,1288,1283,1121,723,1283,619,1124,723,7881,7229,1993,793
frus1944v04,1930-1945,1944,1945,1339,1339,1354,1339,1222,872,1339,892,1228,872,7831,7161,1797,743
frus1944v05,1930-1945,1943,1947,1253,1253,1183,1179,1058,767,1179,714,1061,769,5524,5024,1507,816
frus1944v06,1930-1945,1943,1945,890,890,919,914,774,633,914,624,775,633,7354,6675,2380,1019
frus1944v07,1930-1945,1942,1945,1556,1556,1480,1477,1324,1054,1477,971,1326,1054,6498,6153,2203,925
frus1945v02,1930-1945,1943,1946,797,797,712,690,544,387,690,363,555,388,8602,8393,2721,1846
frus1945v03,1930-1945,1944,1946,1206,1206,1166,1150,1007,673,1150,618,1012,673,7528,7332,3071,1219
frus1945v04,1930-1945,1944,1946,1214,1214,1183,1180,1012,380,1180,362,1013,380,6724,6120,1620,596
frus1945v05,1930-1945,1944,1946,1088,1088,1107,1101,861,567,1101,478,862,568,8661,8224,2113,923
frus1945v06,1930-1945,1943,1946,1042,1042,961,951,623,509,951,465,626,511,5780,5452,1722,896
frus1945v07,1930-1945,1944,1946,1155,1155,1157,1128,851,571,1128,517,853,572,7880,7454,1915,936
frus1945v08,1930-1945,1944,1957,1294,1294,1214,1209,981,842,1209,793,985,846,6197,5710,2101,1300
frus1945v09,1930-1945,1942,1946,1216,1216,1099,1091,984,771,1091,705,990,775,5230,4939,1683,828
frus1946v01,1946-,1945,1946,796,796,533,528,380,222,528,221,383,223,7392,7140,3348,1472
frus1946v02,1946-,1945,1948,420,420,147,147,78,51,147,52,78,51,11069,11019,2549,2375
frus1946v04,1946-,1946,1946,347,347,33,33,21,16,33,16,21,16,1097,1073,122,61
frus1946v05,1946-,1945,1947,747,747,724,694,595,330,694,327,620,333,4995,4841,1808,893
frus1946v06,1946-,1946,1947,692,692,625,625,541,237,625,269,541,237,6525,6228,1769,819
frus1946v07,1946-,1945,1948,731,731,694,691,559,400,691,372,561,401,5388,4961,1385,977
frus1946v08,1946-,1945,1947,880,880,796,792,540,312,792,314,543,314,4768,4580,1235,590
frus1946v09,1946-,1945,1946,752,752,943,934,560,344,934,344,566,345,12597,12031,3496,2646
frus1946v10,1946-,1945,1947,1111,1111,1212,1205,932,538,1205,558,934,540,9416,9071,4250,3358
frus1946v11,1946-,1945,1947,1135,1135,1024,1022,866,706,1022,706,868,707,6291,5951,2270,1173
frus1947v01,1946-,1946,1948,540,540,439,430,337,193,430,171,340,194,4476,4297,2184,927
frus1947v03,1946-,1946,1948,745,745,517,511,427,375,511,356,431,378,5268,5173,1961,1380
frus1947v04,1946-,1946,1947,583,583,451,450,354,156,450,156,355,156,4418,4196,1315,475
frus1947v05,1946-,1947,1949,936,936,608,604,461,354,604,333,464,357,6464,6217,2034,1183
frus1947v06,1946-,1946,1948,909,909,776,770,543,315,770,307,548,318,5016,4782,1392,639
frus1947v07,1946-,1946,1948,1164,1164,1260,1257,1032,791,1257,759,1034,793,5372,5251,1228,602
frus1947v08,1946-,1942,1948,915,915,649,649,526,345,649,374,526,345,5215,5007,1556,776
frus1948v01p1,1946-,1947,1948,273,273,137,137,126,86,137,89,126,86,2546,2497,1196,454
frus1948v01p2,1946-,1947,1948,263,263,204,192,144,93,192,93,153,96,1772,1681,809,346
frus1948v03,1946-,1947,1949,688,688,430,424,352,302,424,302,353,302,4949,4841,1765,1235
frus1948v04,1946-,1947,1949,733,733,508,501,427,250,501,230,431,254,5146,4909,1286,674
frus1948v05p1,1946-,1946,1949,414,414,253,252,231,176,252,171,232,177,2904,2856,676,305
frus1948v05p2,1946-,1948,1949,861,861,582,582,464,370,582,367,464,370,6383,6161,2086,1190
frus1948v06,1946-,1947,1948,931,931,777,774,464,292,774,294,467,293,7249,7024,1706,744
frus1948v07,1946-,1947,1949,792,792,804,804,643,482,804,421,643,482,4264,4164,510,207
frus1948v08,1946-,1947,1948,894,894,892,887,731,541,887,539,733,542,3003,2921,1101,434
frus1948v09,1946-,1947,1949,543,543,344,343,272,150,343,142,273,150,3287,3189,1079,565
frus1949v01,1946-,1948,1953,322,322,219,219,119,81,219,79,119,81,3116,3036,1432,637
frus1949v02,1946-,1948,1950,490,490,351,347,302,175,347,179,305,176,4079,3992,1303,558
frus1949v04,1946-,1949,1950,460,460,295,295,270,196,295,175,270,196,4429,4338,1559,1056
frus1949v05,1946-,1948,1950,602,602,407,365,306,187,365,191,341,202,5132,5029,1420,723
frus1949v06,1946-,1948,1950,1242,1242,704,704,598,430,704,426,598,430,9553,9336,2675,1248
frus1949v07p1,1946-,1949,1949,423,423,292,292,152,100,292,100,152,100,4737,4700,352,161
frus1949v07p2,1946-,1949,1949,387,387,341,341,281,150,341,150,281,150,2595,2452,814,417
frus1949v08,1946-,1948,1949,1698,1698,1687,1685,1194,650,1685,651,1195,651,8103,7593,1148,214
frus1949v09,1946-,1947,1950,1463,1463,1393,1391,1042,530,1391,554,1042,530,5626,5342,1675,474
frus1950v01,1946-,1949,1951,336,336,221,221,184,103,221,96,184,103,2391,2300,1204,599
frus1950v02,1946-,1949,1951,531,531,340,340,304,217,340,219,304,217,5001,4923,1674,778
frus1950v03,1946-,1948,1951,745,745,372,371,261,145,371,140,262,145,7690,7570,2802,1744
frus1950v04,1946-,1949,1951,873,873,512,485,389,250,485,244,406,258,7168,7032,1896,986
frus1950v05,1946-,1949,1951,988,988,587,586,512,382,586,350,513,383,10788,10668,3670,1812
frus1950v06,1946-,1950,1951,859,859,627,625,568,360,625,317,569,361,8418,8239,2594,1317
frus1950v07,1946-,1950,1950,1103,1103,757,757,699,488,757,488,699,488,9445,9180,3234,1756
frus1951v01,1946-,1948,1952,772,772,502,458,304,209,458,196,337,225,5424,5287,2535,1315
frus1951v02,1946-,1946,1952,898,898,449,448,401,270,448,254,402,271,8223,8140,2946,1306
frus1951v06p1,1946-,1950,1954,811,811,586,586,524,442,586,370,524,442,8495,8384,3116,1961
frus1951v06p2,1946-,1951,1951,503,503,353,353,318,199,353,199,318,199,5022,4990,1713,460
frus1951v07p1,1946-,1951,1951,919,919,662,662,631,211,662,211,631,211,8475,8352,3430,1354
frus1951v07p2,1946-,1951,1951,334,334,243,243,206,106,243,106,206,106,2687,2615,820,287
frus1952-54v01p1,1946-,1951,1954,227,227,194,189,151,76,189,74,156,80,2382,2327,1388,557
frus1952-54v01p2,1946-,1950,1954,370,370,219,219,163,85,219,84,163,85,4032,3977,2038,738
frus1952-54v12p1,1946-,1951,1954,433,433,199,195,171,102,195,99,174,103,4859,4782,2818,1243
frus1952-54v12p2,1946-,1952,1954,439,439,313,312,286,205,312,204,287,206,3951,3875,912,542
