document_number,xml_id,heading,date,begins_on_page,page_breaks_inside,line_in_d7c15c90c_parent
900,d900,The Chargé in Israel ( Russell ) to the Department of State,1954-10-01,1661,1662,95527
901,d901,The Secretary of State to the Department of State,1954-10-02,1662,,95602
902,d902,The Ambassador in Egypt ( Caffery ) to the Department of State,1954-10-04,1663,,95634
903,d903,The Secretary of State to the Embassy in Egypt,1954-10-04,1663,1664 1665 1666,95679
904,d904,The Ambassador in Egypt ( Caffery ) to the Department of State,1954-10-07,1666,1667,95838
905,d905,"Memorandum of Conversation, by the Officer in Charge of Israel–Jordan Affairs ( Bergus )",1954-10-08,1667,1668 1669,95901
906,d906,The Israeli Ambassador ( Eban ) to the Secretary of State,1954-10-08,1669,1670 1671 1672,96014
907,d907,"Memorandum of Conversation, by the Director of the Office of Near Eastern Affairs ( Hart )",1954-10-10,1672,1673 1674,96156
908,d908,"The President’s Special Representative ( Johnston ) to the Assistant Secretary of State for Near Eastern, South Asian, and African Affairs ( Byroade )",1954-10-15,1674,1675,96240
909,d909,The Secretary of State to the Israeli Ambassador ( Eban ),1954-10-18,1675,,96291
910,d910,"Memorandum of Conversation, by the Secretary of State",1954-10-26,1676,,96320
911,d911,"The Assistant Secretary of State for Near Eastern, South Asian, and African Affairs ( Byroade ) to the President’s Special Representative ( Johnston )",1954-11-01,1677,1678,96377
912,d912,The Ambassador in Israel ( Lawson ) to the Department of Stat,1954-11-03,1679,1680,96466
913,d913,The Secretary of State to the United States Mission at the United Nations,1954-11-04,1680,1681,96563
914,d914,The Secretary of State to the Embassy in Egypt,,1682,,96648
915,d915,"Memorandum of Conversation, by the Assistant Secretary of State for European Affairs ( Merchant )",1954-11-05,1683,1684,96709
916,d916,Aide-Mémoire From the British Embassy to the Department of State,1954-11-05,1684,1685,96780
917,d917,Department of State Position Paper,1954-11-10,1685,1686 1687 1688 1689 1690 1691,96850
918,d918,The Ambassador in Egypt ( Caffery ) to the Department of State,1954-11-10,1692,,97155
919,d919,The Secretary of State to the Embassy in Egypt,1954-11-13,1692,1693,97200
920,d920,Aide-Mémoire From the Department of State to the British Embassy,1954-11-17,1693,1694,97258
921,d921,"Memorandum by the Assistant Secretary of State for Near Eastern, South Asian, and African Affairs ( Byroade ) to the Secretary of State",1954-11-22,1694,1695,97292
922,d922,The Secretary of State to Certain Diplomatic and Consular Offices,1954-11-22,1695,1696 1697 1698 1699 1700,97350
923,d923,The Ambassador in Israel ( Lawson ) to the Department of State,1954-11-30,1700,1701 1702,97588
924,d924,The Secretary of State to the Embassy in Egypt,1954-12-01,1702,1703,97725
925,d925,The Secretary of State to the United States Mission at the United Nations,1954-12-02,1704,,97807
926,d926,"Resolution 818 (IX), Adopted by the United Nations General Assembly on December 4, 1954",1954-12-04,1705,1706,97859
927,d927,"Memorandum of Conversation, by the Politico-Economic Adviser in the Bureau of Near Eastern, South Asian, and African Affairs ( Gardiner )",1954-12-09,1706,1707,97926
928,d928,"Memorandum by the Deputy Assistant Secretary of State for Near Eastern, South Asian, and African Affairs ( Jernegan ) to the Secretary of State",1954-12-09,1707,1708 1709 1710,97997
929,d929,The Ambassador in Saudi Arabia ( Wadsworth ) to the Department of State,1954-12-10,1710,1711 1712 1713 1714,98134
930,d930,The Ambassador in Israel ( Lawson ) to the Department of State,1954-12-10,1714,1715,98341
931,d931,The Ambassador in Egypt ( Caffery ) to the Department of State,1954-12-11,1715,1716 1717,98411
932,d932,The Ambassador in Syria ( Moose ) to the Department of State,1954-12-13,1718,,98537
933,d933,The Acting Secretary of State to the Embassy in Israel,1954-12-15,1719,,98586
934,d934,The Secretary of State to the Department of State,1954-12-17,1719,1720,98628
935,d935,"Memorandum of Conversation, by the Acting Assistant Secretary of State for Near Eastern, South Asian, and African Affairs ( Jernegan )",1954-12-17,1720,1721 1722 1723 1724,98677
936,d936,"Memorandum of Conversation, by the Acting Assistant Secretary of State for Near Eastern, South Asian, and African Affairs ( Jernegan )",1954-12-17,1724,1725,98877
937,d937,The Chargé in Israel ( White ) to the Department of State,1954-12-17,1726,1727,98958
938,d938,Memorandum Prepared in the Department of State,1954-12-20,1727,1728 1729 1730,99016
939,d939,Editorial Note,,1730,1731,99183
940,d940,The Secretary of State to the Embassy in Egypt,1954-12-21,1731,1732,99228
941,d941,Francis H. Russell to the Chargé in the United Kingdom ( Butterworth ),1954-12-21,1732,1733 1734,99286
942,d942,The Ambassador in Jordan ( Mallory ) to the Department of State,1954-12-23,1734,1735 1736 1737 1738,99392
943,d943,The Ambassador in Egypt ( Caffery ) to the Department of State,1954-12-23,1738,1739,99614
944,d944,"Memorandum of Conversation, by the Deputy Under Secretary of State ( Murphy )",1954-12-30,1739,1740,99664
945,d945,The Secretary of State to the Embassy in Egypt,1954-12-30,1740,1741,99742
946,d946,The Ambassador in Egypt ( Caffery ) to the Department of State,1954-12-31,1741,,99779
