class,volume,file,line,document,pb_n,pb_xml_id,pb_facs,what_is_wrong,correction,confidence
wrong-facs,frus1866p2,frus1866p2.xml,64908,,630,pg_630,0434,"Two breaks name image 0434: n=""360"" at line 42148 and n=""630"" here; the break after this one is n=""631"" (image 0705).","On the break at line 64908 (n=""630""), set facs=""0704"".",confirmed
missing-break,frus1870,frus1870.xml,4198,,[21],pg_21,0055,"No <pb/> for pages 22, 23: the break after p. 21 (image 0055) is p. 24 (image 0058), 160 lines on.","Insert <pb facs=""0056"" n=""22"" xml:id=""pg_22""/> and <pb facs=""0057"" n=""23"" xml:id=""pg_23""/>, placed from the images. Check first whether the pages are blank or their text is missing too.",question
missing-break,frus1870,frus1870.xml,45866,,[525],pg_525,0559,"No <pb/> for pages 526, 527: the break after p. 525 (image 0559) is p. 528 (image 0562), 354 lines on.","Insert <pb facs=""0560"" n=""526"" xml:id=""pg_526""/> and <pb facs=""0561"" n=""527"" xml:id=""pg_527""/>, placed from the images. Check first whether the pages are blank or their text is missing too.",question
wrong-facs,frus1877,frus1877.xml,8890,,[XLVIII],pg_XLVIII,0048,"Two breaks name image 0048: n=""XLVIII [XLVII]"" at line 8851 and n=""[XLVIII]"" here; the break after this one is n=""1"" (image 0049).","On the break at line 8851 (n=""XLVIII [XLVII]""), set facs=""0047"".",confirmed
id-disagrees-with-n,frus1884,frus1884.xml,11543,d11,12,pg_13,0113,xml:id says page 13 and @n says page 12; the break before it is 12 and the one after is 14.,"Set n=""13"", or n=""12 [13]"" if the folio is misprinted in the book.",confirmed
missing-break,frus1902app1,frus1902app1.xml,32686,d124,268,pg_268,0290,"No <pb/> for pages 269, 270, 271, 272: the break after p. 268 (image 0290) is p. 273 (image 0295), 67 lines on.","Insert <pb facs=""0291"" n=""269"" xml:id=""pg_269""/> and <pb facs=""0292"" n=""270"" xml:id=""pg_270""/> and <pb facs=""0293"" n=""271"" xml:id=""pg_271""/> and <pb facs=""0294"" n=""272"" xml:id=""pg_272""/>, placed from the images. Check first whether the pages are blank or their text is missing too.",question
missing-break,frus1902app1,frus1902app1.xml,37135,d154,326,pg_326,0350,"No <pb/> for page 327: the break after p. 326 (image 0350) is p. 328 (image 0352), 168 lines on.","Insert <pb facs=""0351"" n=""327"" xml:id=""pg_327""/>, placed from the image.",confirmed
missing-break,frus1916Supp,frus1916Supp.xml,55106,d254,190,pg_190,0476,"No <pb/> for page 191: the break after p. 190 (image 0476) is p. 192 (image 0478), 218 lines on.","Insert <pb facs=""0477"" n=""191"" xml:id=""pg_191""/>, placed from the image.",confirmed
missing-break,frus1916Supp,frus1916Supp.xml,131634,d1310,975,pg_975,1261,"No <pb/> for page 976: the break after p. 975 (image 1261) is p. 977 (image 1263), 161 lines on.","Insert <pb facs=""1262"" n=""976"" xml:id=""pg_976""/>, placed from the image.",confirmed
wrong-facs,frus1917,frus1917.xml,8648,,III,pg_III,00023,"facs=""00023"" has 5 digits where the volume's image names have 4; no such image exists.","Set facs=""0003"".",confirmed
malformed-id,frus1924v02,frus1924v02.xml,6162,,[I],I,0001,"The page id is I, without the pg_ prefix every other page id has; no pg_I anchor exists.","Rename it to xml:id=""pg_I"", and <surface start=""#I""> at line 153 with it.",confirmed
malformed-id,frus1947v04,frus1947v04.xml,6599,,V,V,0009,"The page id is V, without the pg_ prefix every other page id has; no pg_V anchor exists.","Rename it to xml:id=""pg_V"", and <surface start=""#V""> at line 202 with it.",confirmed
reversed-pair,frus1948v04,frus1948v04.xml,27554,d193,269,pg_269,0289,"Page 269 (image 0289) follows page 270 (image 0290) in the file: d192, which holds the later page, is written before d193, which holds the earlier one.","Put the two divisions back in page order (the text as well as the breaks), after checking the images.",confirmed
malformed-id,frus1949v01,frus1949v01.xml,58609,,[814],pg-814,0844,The page id is pg-814 where the corpus writes pg_814; no pg_814 anchor exists.,"Rename it to xml:id=""pg_814"", and <surface start=""#pg-814""> at line 6042 with it.",confirmed
reversed-pair,frus1949v03,frus1949v03.xml,50020,d254,532,pg_532,0569,"Page 532 (image 0569) follows page 533 (image 0570) in the file: d253, which holds the later page, is written before d254, which holds the earlier one.","Put the two divisions back in page order (the text as well as the breaks), after checking the images.",confirmed
reversed-pair,frus1949v04,frus1949v04.xml,53779,d412,743,pg_743,0758,"Page 743 (image 0758) follows page 744 (image 0759) in the file: d411, which holds the later page, is written before d412, which holds the earlier one.","Put the two divisions back in page order (the text as well as the breaks), after checking the images.",confirmed
reversed-pair,frus1949v05,frus1949v05.xml,10050,d12,27,pg_27,0041,"Page 27 (image 0041) follows page 28 (image 0042) in the file: d11, which holds the later page, is written before d12, which holds the earlier one.","Put the two divisions back in page order (the text as well as the breaks), after checking the images.",confirmed
reversed-pair,frus1949v05,frus1949v05.xml,24830,d143,244,pg_244,0258,"Page 244 (image 0258) follows page 246 (image 0260) in the file: d142, which holds the later page, is written before d143, which holds the earlier one.","Put the two divisions back in page order (the text as well as the breaks), after checking the images.",confirmed
reversed-pair,frus1949v05,frus1949v05.xml,26470,d162,267,pg_267,0281,"Page 267 (image 0281) follows page 271 (image 0285) in the file: d161, which holds the later page, is written before d162, which holds the earlier one.","Put the two divisions back in page order (the text as well as the breaks), after checking the images.",confirmed
malformed-id,frus1949v05,frus1949v05.xml,72791,,990,pg-seq-1004,1004,"Page 990, between pg_989 and pg_991, carries the id pg-seq-1004, the form used for unnumbered pages; no pg_990 anchor exists.","Rename it to xml:id=""pg_990"", and <surface start=""#pg-seq-1004""> at line 7159 with it.",confirmed
reversed-pair,frus1949v06,frus1949v06.xml,35560,d160,321,pg_321,0337,"Page 321 (image 0337) follows page 322 (image 0338) in the file: d159, which holds the later page, is written before d160, which holds the earlier one.","Put the two divisions back in page order (the text as well as the breaks), after checking the images.",confirmed
reversed-pair,frus1949v06,frus1949v06.xml,39405,d198,379,pg_379,0395,"Page 379 (image 0395) follows page 380 (image 0396) in the file: d196, which holds the later page, is written before d198, which holds the earlier one.","Put the two divisions back in page order (the text as well as the breaks), after checking the images.",confirmed
reversed-pair,frus1949v06,frus1949v06.xml,43030,d236,434,pg_434,0450,"Page 434 (image 0450) follows page 435 (image 0451) in the file: d235, which holds the later page, is written before d236, which holds the earlier one.","Put the two divisions back in page order (the text as well as the breaks), after checking the images.",confirmed
reversed-pair,frus1949v06,frus1949v06.xml,99736,d845,1240,pg_1240,1256,"Page 1240 (image 1256) follows page 1241 (image 1257) in the file: d844, which holds the later page, is written before d845, which holds the earlier one.","Put the two divisions back in page order (the text as well as the breaks), after checking the images.",confirmed
reversed-pair,frus1949v06,frus1949v06.xml,120524,d1065,1530,pg_1530,1546,"Page 1530 (image 1546) follows page 1531 (image 1547) in the file: d1063, which holds the later page, is written before d1065, which holds the earlier one.","Put the two divisions back in page order (the text as well as the breaks), after checking the images.",confirmed
malformed-id,frus1950v01,frus1950v01.xml,63437,,922,pg-seq-938,0938,"Page 922, between pg_921 and pg_923, carries the id pg-seq-938, the form used for unnumbered pages; no pg_922 anchor exists.","Rename it to xml:id=""pg_922"", and <surface start=""#pg-seq-938""> at line 6717 with it.",confirmed
reversed-pair,frus1950v02,frus1950v02.xml,67831,d465,910,pg_910,0926,"Page 910 (image 0926) follows page 911 (image 0927) in the file: d464, which holds the later page, is written before d465, which holds the earlier one.","Put the two divisions back in page order (the text as well as the breaks), after checking the images.",confirmed
reversed-pair,frus1950v04,frus1950v04.xml,49088,d284,544,pg_544,0560,"Page 544 (image 0560) follows page 545 (image 0561) in the file: d283, which holds the later page, is written before d284, which holds the earlier one.","Put the two divisions back in page order (the text as well as the breaks), after checking the images.",confirmed
reversed-pair,frus1950v04,frus1950v04.xml,82820,d578,1068,pg_1068,1084,"Page 1068 (image 1084) follows page 1069 (image 1085) in the file: d577, which holds the later page, is written before d578, which holds the earlier one.","Put the two divisions back in page order (the text as well as the breaks), after checking the images.",confirmed
reversed-pair,frus1950v05,frus1950v05.xml,95502,d651,1182,pg_1182,1204,"Page 1182 (image 1204) follows page 1183 (image 1205) in the file: d650, which holds the later page, is written before d651, which holds the earlier one.","Put the two divisions back in page order (the text as well as the breaks), after checking the images.",confirmed
reversed-pair,frus1950v05,frus1950v05.xml,118883,d848,1541,pg_1541,1563,"Page 1541 (image 1563) follows page 1543 (image 1565) in the file: d847, which holds the later page, is written before d848, which holds the earlier one.","Put the two divisions back in page order (the text as well as the breaks), after checking the images.",confirmed
reversed-pair,frus1950v07,frus1950v07.xml,70759,d641,904,pg_904,0924,"Page 904 (image 0924) follows page 906 (image 0926) in the file: d640, which holds the later page, is written before d641, which holds the earlier one.","Put the two divisions back in page order (the text as well as the breaks), after checking the images.",confirmed
malformed-id,frus1951-54Iran,frus1951-54Iran.xml,9333,,XXV,XXV,0026,"The page id is XXV, without the pg_ prefix every other page id has; no pg_XXV anchor exists.","Rename it to xml:id=""pg_XXV"", and <surface start=""#XXV""> at line 301 with it.",confirmed
malformed-id,frus1951-54IranEd2,frus1951-54IranEd2.xml,9619,,XXV,XXV,0026,"The page id is XXV, without the pg_ prefix every other page id has; no pg_XXV anchor exists.","Rename it to xml:id=""pg_XXV"", and <surface start=""#XXV""> at line 301 with it.",confirmed
reversed-pair,frus1951v03p1,frus1951v03p1.xml,55403,d282,523,pg_523,0561,"Page 523 (image 0561) follows page 525 (image 0563) in the file: d281, which holds the later page, is written before d282, which holds the earlier one.","Put the two divisions back in page order (the text as well as the breaks), after checking the images.",confirmed
reversed-pair,frus1951v05,frus1951v05.xml,21508,d25,110,pg_110,0150,"Page 110 (image 0150) follows page 111 (image 0151) in the file: d24, which holds the later page, is written before d25, which holds the earlier one.","Put the two divisions back in page order (the text as well as the breaks), after checking the images.",confirmed
reversed-pair,frus1951v05,frus1951v05.xml,28291,d67,202,pg_202,0242,"Page 202 (image 0242) follows page 203 (image 0243) in the file: d66, which holds the later page, is written before d67, which holds the earlier one.","Put the two divisions back in page order (the text as well as the breaks), after checking the images.",confirmed
wrong-facs,frus1951v07p1,frus1951v07p1.xml,12302,,IX,pg_IX,0013,"Two breaks name image 0013: n=""VIII"" at line 12293 and n=""IX"" here; the break after this one is n=""X"" (image 0014).","On the break at line 12293 (n=""VIII""), set facs=""0012"".",confirmed
missing-break,frus1952-54v01p2,frus1952-54v01p2.xml,13809,d25,884,pg_884,0094,"No <pb/> for page 885: the break after p. 884 (image 0094) is p. 886 (image 0096), 109 lines on.","Insert <pb facs=""0095"" n=""885"" xml:id=""pg_885""/>, placed from the image.",confirmed
wrong-facs,frus1952-54v07p2,frus1952-54v07p2.xml,7347,,X,pg_X,0014,"Two breaks name image 0014: n=""VI"" at line 6851 and n=""X"" here; the break after this one is n=""XI"" (image 0015).","On the break at line 6851 (n=""VI""), set facs=""0010"".",confirmed
wrong-facs,frus1961-63v10-12mSupp,frus1961-63v10-12mSupp.xml,100744,d278d,39,d278d-39,d278d-38,"Two breaks name image d278d-38: n=""38"" at line 100719 and n=""39"" here; the break after this one is n=""40"" (image d278d-40).","On the break at line 100744 (xml:id=""d278d-39""), set facs=""d278d-39"", as its own id says.",confirmed
malformed-id,frus1961-63v20,frus1961-63v20.xml,8594,,XXII,XXII,0022,"The page id is XXII, without the pg_ prefix every other page id has; no pg_XXII anchor exists.","Rename it to xml:id=""pg_XXII"", and <surface start=""#XXII""> at line 304 with it.",confirmed
wrong-facs,frus1961-63v23,frus1961-63v23.xml,18052,d62,138,pg_138,0165,"Two breaks name image 0165: n=""134"" at line 17863 and n=""138"" here; the break after this one is n=""139"" (image 0166).",Check both against the images.,question
wrong-facs,frus1961-63v23,frus1961-63v23.xml,18116,,139,pg_139,0166,"Two breaks name image 0166: n=""135"" at line 17907 and n=""139"" here; the break after this one is n=""140"" (image 0167).",Check both against the images.,question
numbers-out-of-order,frus1964-68v12,frus1964-68v12.xml,52348,d340,718,pg_718,0755,"The images run forward but the page numbers do not: 716 (image 0752), 717 (image 0753), 719 (image 0754), 718 (image 0755), 720 (image 0756).",Renumber @n and xml:id so that they rise with the images.,confirmed
missing-break,frus1964-68v16,frus1964-68v16.xml,56758,d375,777,pg_777,0815,"No <pb/> for page 778: the break after p. 777 (image 0815) is p. 779 (image 0817), 54 lines on.","Insert <pb facs=""0816"" n=""778"" xml:id=""pg_778""/>, placed from the image.",confirmed
wrong-facs,frus1964-68v20,frus1964-68v20.xml,41606,d274,546,pg_546,574,"facs=""574"" has 3 digits where the volume's image names have 4; no such image exists.","Set facs=""0574"".",confirmed
wrong-facs,frus1964-68v22,frus1964-68v22.xml,5683,,IX,pg_IX,009,"facs=""009"" has 3 digits where the volume's image names have 4; no such image exists.","Set facs=""0009"".",confirmed
wrong-facs,frus1964-68v22,frus1964-68v22.xml,11186,d33,71,pg_71,099,"facs=""099"" has 3 digits where the volume's image names have 4; no such image exists.","Set facs=""0099"".",confirmed
malformed-id,frus1969-76v22,frus1969-76v22.xml,3972,,XIV,XIV,0015,"The page id is XIV, without the pg_ prefix every other page id has; no pg_XIV anchor exists.","Rename it to xml:id=""pg_XIV"", and <surface start=""#XIV""> at line 231 with it.",confirmed
malformed-id,frus1969-76v22,frus1969-76v22.xml,4325,,XX,XX,0021,"The page id is XX, without the pg_ prefix every other page id has; no pg_XX anchor exists.","Rename it to xml:id=""pg_XX"", and <surface start=""#XX""> at line 279 with it.",confirmed
malformed-id,frus1969-76v23,frus1969-76v23.xml,9591,,VII,VII,0008,"The page id is VII, without the pg_ prefix every other page id has; no pg_VII anchor exists.","Rename it to xml:id=""pg_VII"", and <surface start=""#VII""> at line 184 with it.",confirmed
malformed-id,frus1969-76v23,frus1969-76v23.xml,9685,,IX,IX,0010,"The page id is IX, without the pg_ prefix every other page id has; no pg_IX anchor exists.","Rename it to xml:id=""pg_IX"", and <surface start=""#IX""> at line 200 with it.",confirmed
malformed-id,frus1969-76v23,frus1969-76v23.xml,9727,,X,X,0011,"The page id is X, without the pg_ prefix every other page id has; no pg_X anchor exists.","Rename it to xml:id=""pg_X"", and <surface start=""#X""> at line 208 with it.",confirmed
wrong-facs,frus1969-76ve06,frus1969-76ve06.xml,63341,d265,4,d265-04,d263-04,"Two breaks name image d263-04: n=""4"" at line 63028 and n=""4"" here; the break after this one is n=""5"" (image d265-05).","On the break at line 63341 (xml:id=""d265-04""), set facs=""d265-04"", as its own id says.",confirmed
wrong-facs,frus1969-76ve10,frus1969-76ve10.xml,53513,d183,4,pg_d183-4,d183-4,"Two breaks name image d183-4: n=""3"" at line 53480 and n=""4"" here; the break after this one is n=""5"" (image d183-5).","On the break at line 53480 (xml:id=""pg_d183-3""), set facs=""d183-3"", as its own id says.",confirmed
malformed-id,frus1977-80v12,frus1977-80v12.xml,8208,,XIII,XIII,0014,"The page id is XIII, without the pg_ prefix every other page id has; no pg_XIII anchor exists.","Rename it to xml:id=""pg_XIII"", and <surface start=""#XIII""> at line 238 with it.",confirmed
malformed-id,frus1977-80v13,frus1977-80v13.xml,47383,d173,655,pgg_655,0694,The page id is pgg_655 where the corpus writes pg_655; no pg_655 anchor exists.,"Rename it to xml:id=""pg_655"", and <surface start=""#pgg_655""> at line 5683 with it.",confirmed
malformed-id,frus1977-80v17p1,frus1977-80v17p1.xml,3294,,XI,XI,0012,"The page id is XI, without the pg_ prefix every other page id has; no pg_XI anchor exists.","Rename it to xml:id=""pg_XI"", and <surface start=""#XI""> at line 212 with it.",confirmed
zero-padded-ids,frus1977-80v20,frus1977-80v20.xml,11580,,1,pg_001,0046,"99 page ids are zero-padded (pg_001 to pg_099) where the rest of the volume, and every other volume, writes pg_N.",Optional: rename them pg_1 to pg_99 and update the references to them.,question
numbers-out-of-order,frus1977-80v21,frus1977-80v21.xml,30467,d116,364,pg_364,0399,"The images run forward but the page numbers do not: 363 (image 0396), 365 (image 0397), 366 (image 0398), 364 (image 0399), 367 (image 0400).",Renumber @n and xml:id so that they rise with the images.,confirmed
malformed-id,frus1977-80v23,frus1977-80v23.xml,8383,,XIII,XIII,0014,"The page id is XIII, without the pg_ prefix every other page id has; no pg_XIII anchor exists.","Rename it to xml:id=""pg_XIII"", and <surface start=""#XIII""> at line 228 with it.",confirmed
malformed-id,frus1977-80v24,frus1977-80v24.xml,9524,,XIII,XIII,0013,"The page id is XIII, without the pg_ prefix every other page id has; no pg_XIII anchor exists.","Rename it to xml:id=""pg_XIII"", and <surface start=""#XIII""> at line 260 with it.",confirmed
malformed-id,frus1977-80v28,frus1977-80v28.xml,11717,,XVIIII,XVIIII,0029,"The page id and @n are both XVIIII, which is not a Roman numeral, and the id lacks the pg_ prefix. The break before it is XXVII and the one after is 1.","Probably n=""XXVIII"" xml:id=""pg_XXVIII"", and <surface start=""#XVIIII""> at line 347 with it; check the image.",confirmed
malformed-id,frus1977-80v29,frus1977-80v29.xml,6080,,XIII,XIII,0014,"The page id is XIII, without the pg_ prefix every other page id has; no pg_XIII anchor exists.","Rename it to xml:id=""pg_XIII"", and <surface start=""#XIII""> at line 217 with it.",confirmed
malformed-id,frus1981-88v04,frus1981-88v04.xml,13598,,XXVI,XXVI,0027,"The page id is XXVI, without the pg_ prefix every other page id has; no pg_XXVI anchor exists.","Rename it to xml:id=""pg_XXVI"", and <surface start=""#XXVI""> at line 637 with it.",confirmed
malformed-id,frus1981-88v04,frus1981-88v04.xml,13696,,XXVII,XXVII,0028,"The page id is XXVII, without the pg_ prefix every other page id has; no pg_XXVII anchor exists.","Rename it to xml:id=""pg_XXVII"", and <surface start=""#XXVII""> at line 645 with it.",confirmed
malformed-id,frus1981-88v04,frus1981-88v04.xml,13802,,XXVIII,XXVIII,0029,"The page id is XXVIII, without the pg_ prefix every other page id has; no pg_XXVIII anchor exists.","Rename it to xml:id=""pg_XXVIII"", and <surface start=""#XXVIII""> at line 653 with it.",confirmed
malformed-id,frus1981-88v04,frus1981-88v04.xml,13908,,XXIX,XXIX,0030,"The page id is XXIX, without the pg_ prefix every other page id has; no pg_XXIX anchor exists.","Rename it to xml:id=""pg_XXIX"", and <surface start=""#XXIX""> at line 661 with it.",confirmed
malformed-id,frus1981-88v04,frus1981-88v04.xml,14015,,XXX,XXX,0031,"The page id is XXX, without the pg_ prefix every other page id has; no pg_XXX anchor exists.","Rename it to xml:id=""pg_XXX"", and <surface start=""#XXX""> at line 669 with it.",confirmed
wrong-facs,frus1981-88v10,frus1981-88v10.xml,13688,,XXXI,pg_XXXI,0031,"Two breaks name image 0031: n=""XXX"" at line 13647 and n=""XXXI"" here; the break after this one is n=""1"" (image 0032).",Check both against the images.,question
numbered-as-next-part,frus1952-54v02p1,frus1952-54v02p1.xml,57115,,845,pg_845,0875,"6 page breaks at the end of this part (pp. 845-850, lines 57115-57120, outside every division) carry numbers and ids that belong to pages of frus1952-54v02p2, which begins at p. 845.","If these are the part's unnumbered end leaves, give them pg-seq ids and n=""""; otherwise remove them.",question
numbered-as-next-part,frus1952-54v05p1,frus1952-54v05p1.xml,101546,,1114,pg_1114,1158,"7 page breaks at the end of this part (pp. 1114-1120, lines 101546-101552, outside every division) carry numbers and ids that belong to pages of frus1952-54v05p2, which begins at p. 1114.","If these are the part's unnumbered end leaves, give them pg-seq ids and n=""""; otherwise remove them.",question
