volume,file,line,nested_heading,inside_heading,confidence,correction
frus1961-63v08,frus1961-63v08.xml,6108,Central Intelligence Agency,"Washington National Records Center, Suitland, Maryland",question,"Close the list of ""Washington National Records Center, Suitland, Maryland"" before this item, if the printed list sets the two headings at one level."
frus1961-63v17,frus1961-63v17.xml,8261,Central Intelligence Agency,Department of State,question,"Close the list of ""Department of State"" before this item, if the printed list sets the two headings at one level."
frus1964-68v03,frus1964-68v03.xml,7423,"Central Intelligence Agency, Langley, Virginia","Lyndon B. Johnson Library, Austin, Texas",question,"Close the list of ""Lyndon B. Johnson Library, Austin, Texas"" before this item, if the printed list sets the two headings at one level."
frus1964-68v05,frus1964-68v05.xml,10437,"National Archives and Records Administration, College Park, Maryland",Department of State,question,"Close the list of ""Department of State"" before this item, if the printed list sets the two headings at one level."
frus1964-68v10,frus1964-68v10.xml,7982,Central Intelligence Agency,"Washington National Records Center, Suitland, Maryland",question,"Close the list of ""Washington National Records Center, Suitland, Maryland"" before this item, if the printed list sets the two headings at one level."
frus1964-68v10,frus1964-68v10.xml,7991,"Library of Congress, Manuscript Division","Washington National Records Center, Suitland, Maryland",question,"Close the list of ""Washington National Records Center, Suitland, Maryland"" before this item, if the printed list sets the two headings at one level."
frus1964-68v33,frus1964-68v33.xml,10530,"Central Intelligence Agency, Langley, Virginia","National Archives and Records Administration, College Park, Maryland",question,"Close the list of ""National Archives and Records Administration, College Park, "" before this item, if the printed list sets the two headings at one level."
frus1969-76v01,frus1969-76v01.xml,4945,"Library of Congress, Washington, D.C.","Washington National Records Center, Suitland, Maryland",question,"Close the list of ""Washington National Records Center, Suitland, Maryland"" before this item, if the printed list sets the two headings at one level."
frus1969-76v10,frus1969-76v10.xml,9764,Central Intelligence Agency,"National Archives and Records Administration, College Park, Maryland",question,"Close the list of ""National Archives and Records Administration, College Park, "" before this item, if the printed list sets the two headings at one level."
frus1969-76v10,frus1969-76v10.xml,9780,"Library of Congress, Washington, DC","National Archives and Records Administration, College Park, Maryland",question,"Close the list of ""National Archives and Records Administration, College Park, "" before this item, if the printed list sets the two headings at one level."
frus1969-76v22,frus1969-76v22.xml,3934,"National Archives and Records Administration, College Park, Maryland",Department of State,question,"Close the list of ""Department of State"" before this item, if the printed list sets the two headings at one level."
frus1969-76v23,frus1969-76v23.xml,10170,"National Archives and Records Administration, College Park, Maryland","Department of State, Record Group 59, Files of the Department of State",question,"Close the list of ""Department of State, Record Group 59, Files of the Departmen"" before this item, if the printed list sets the two headings at one level."
frus1969-76v25,frus1969-76v25.xml,11118,Central Intelligence Agency,"Gerald R. Ford Presidential Library, Ann Arbor, Michigan",question,"Close the list of ""Gerald R. Ford Presidential Library, Ann Arbor, Michigan"" before this item, if the printed list sets the two headings at one level."
frus1969-76v25,frus1969-76v25.xml,11137,"Library of Congress, Washington, DC","Gerald R. Ford Presidential Library, Ann Arbor, Michigan",question,"Close the list of ""Gerald R. Ford Presidential Library, Ann Arbor, Michigan"" before this item, if the printed list sets the two headings at one level."
frus1969-76v40,frus1969-76v40.xml,10460,"Library of Congress, Manuscript Division, Washington, DC","National Archives and Records Administration, College Park, Maryland",question,"Close the list of ""National Archives and Records Administration, College Park, "" before this item, if the printed list sets the two headings at one level."
frus1969-76ve11p2,frus1969-76ve11p2.xml,10088,Library of Congress,"Washington National Records Center, Suitland, Maryland",question,"Close the list of ""Washington National Records Center, Suitland, Maryland"" before this item, if the printed list sets the two headings at one level."
frus1969-76ve14p2,frus1969-76ve14p2.xml,6595,Central Intelligence Agency,"National Archives and Records Administration, College Park, Maryland",question,"Close the list of ""National Archives and Records Administration, College Park, "" before this item, if the printed list sets the two headings at one level."
frus1969-76ve14p2,frus1969-76ve14p2.xml,6614,"Library of Congress, Manuscript Division, Washington, D.C.","National Archives and Records Administration, College Park, Maryland",question,"Close the list of ""National Archives and Records Administration, College Park, "" before this item, if the printed list sets the two headings at one level."
frus1969-76ve16,frus1969-76ve16.xml,7509,Central Intelligence Agency,"National Archives and Records Administration, College Park, Maryland",question,"Close the list of ""National Archives and Records Administration, College Park, "" before this item, if the printed list sets the two headings at one level."
frus1977-80v17p2,frus1977-80v17p2.xml,4460,"National Archives and Records Administration, College Park, Maryland",Department of State,question,"Close the list of ""Department of State"" before this item, if the printed list sets the two headings at one level."
frus1977-80v17p2,frus1977-80v17p2.xml,4519,Central Intelligence Agency,Department of State,question,"Close the list of ""Department of State"" before this item, if the printed list sets the two headings at one level."
frus1977-80v17p2,frus1977-80v17p2.xml,4524,"Library of Congress, Manuscript Division",Department of State,question,"Close the list of ""Department of State"" before this item, if the printed list sets the two headings at one level."
frus1977-80v20,frus1977-80v20.xml,9271,"National Archives and Records Administration, College Park, Maryland","Department of State, Washington D.C.",question,"Close the list of ""Department of State, Washington D.C."" before this item, if the printed list sets the two headings at one level."
frus1977-80v20,frus1977-80v20.xml,9330,"Central Intelligence Agency, Langley, Virginia","Department of State, Washington D.C.",question,"Close the list of ""Department of State, Washington D.C."" before this item, if the printed list sets the two headings at one level."
frus1977-80v22,frus1977-80v22.xml,9529,Central Intelligence Agency,"National Archives and Records Administration, College Park, Maryland",question,"Close the list of ""National Archives and Records Administration, College Park, "" before this item, if the printed list sets the two headings at one level."
frus1981-88v03,frus1981-88v03.xml,8115,"Library of Congress, Washington D.C.","Ronald Reagan Presidential Library, Simi Valley, California",question,"Close the list of ""Ronald Reagan Presidential Library, Simi Valley, California"" before this item, if the printed list sets the two headings at one level."
frus1981-88v03,frus1981-88v03.xml,8141,Central Intelligence Agency,"Ronald Reagan Presidential Library, Simi Valley, California",question,"Close the list of ""Ronald Reagan Presidential Library, Simi Valley, California"" before this item, if the printed list sets the two headings at one level."
frus1981-88v13,frus1981-88v13.xml,8886,Central Intelligence Agency,"National Archives and Records Administration, College Park, Maryland",question,"Close the list of ""National Archives and Records Administration, College Park, "" before this item, if the printed list sets the two headings at one level."
frus1981-88v13,frus1981-88v13.xml,8949,Library of Congress,"Washington National Records Center, Suitland, Maryland",question,"Close the list of ""Washington National Records Center, Suitland, Maryland"" before this item, if the printed list sets the two headings at one level."
frus1981-88v41,frus1981-88v41.xml,9798,"National Archives and Records Administration, College Park, Maryland",Department of State,question,"Close the list of ""Department of State"" before this item, if the printed list sets the two headings at one level."
frus1981-88v41,frus1981-88v41.xml,9871,Central Intelligence Agency,Department of State,question,"Close the list of ""Department of State"" before this item, if the printed list sets the two headings at one level."
frus1981-88v41,frus1981-88v41.xml,9898,Library of Congress,Department of State,question,"Close the list of ""Department of State"" before this item, if the printed list sets the two headings at one level."
