volume,element,file,line,byte_offset,confidence,what_is_wrong,correction,evidence,repair_simulated,hsg_url
frus1945Malta,ch8subch22,frus1945Malta.xml,71605,5326009,confirmed,"One closing tag is written 22,635 lines late. Chapters 9, 10 and 11 (Other conference documents, Signed agreements, Post-conference documents) sit inside chapter 8 (Minutes and related documents); Thursday 8 to Sunday 11 February sit inside Wednesday 7 February; and the Fourth plenary meeting sits inside the Foreign Ministers' meeting of the same day.","Move the </div> at line 94240 to line 71605, immediately before <div xml:id=""ch8subch22"">. One move repairs all eight divisions.","The volume's contents list prints 7., 8., 9., 10. and 11. at one level (lines 9471, 9474, 9674, 9678, 9692); February 7 and February 8 at one level (lines 9552, 9567); and the Foreign Ministers' meeting and the Fourth plenary meeting of February 7 side by side (lines 9559, 9563).",yes: the file still parses and the stated nesting results,https://history.state.gov/historicaldocuments/frus1945Malta/ch8subch22
frus1945Berlinv02,ch7subch3,frus1945Berlinv02.xml,45167,3179126,confirmed,"Five sessions of Saturday, July 21 (the Combined Chiefs of Staff at 3:30 p.m. through the Economic Subcommittee) sit inside the Joint Chiefs of Staff meeting of 12:15 p.m.","Move the </div> at line 47016 to line 45167, immediately before <div xml:id=""ch7subch3"">.",The contents list prints all seven sessions of July 21 at one level (lines 15128-15143).,yes: the file still parses and the stated nesting results,https://history.state.gov/historicaldocuments/frus1945Berlinv02/ch7subch3
frus1945Berlinv02,ch9subch11,frus1945Berlinv02.xml,53927,3923885,confirmed,"The Tripartite dinner meeting and the Mosely-Gusev conversation sit inside the Seventh plenary meeting, and Tuesday, July 24 (ch10) sits inside Monday, July 23 (ch9). It is one displaced tag.","Move the </div> at line 58944 to line 53927, immediately before <div xml:id=""ch9subch11"">.","The contents list prints the dinner meeting and the Mosely-Gusev conversation beside the Seventh plenary meeting under July 23 (lines 15195-15202) and opens a separate list for July 24 (line 15205); the compilation holds one chapter per day, July 16 to August 1.",yes: the file still parses and the stated nesting results,https://history.state.gov/historicaldocuments/frus1945Berlinv02/ch9subch11
frus1945Berlinv02,d710a-83,frus1945Berlinv02.xml,54090,3935782,confirmed,"Bohlen's memorandum to the President (d710a-83) is nested inside the Editor's Note before it (d710a-82): a document inside a document, the only one in the volume.","Move the </div> at line 54172 to line 54090, immediately before <div xml:id=""d710a-83"">.","The note itself says ""Aside from the Bohlen memorandum printed immediately below"" (line 54054).",yes: the file still parses and the stated nesting results,https://history.state.gov/historicaldocuments/frus1945Berlinv02/d710a-83
frus1945Berlinv02,ch20subsubch11,frus1945Berlinv02.xml,91911,7191205,confirmed,"Here the tag is written too EARLY: ""Germany:"" (ch20subch4) closes after its first topic, so its other twelve topics, Reparations through German forces in Norway (ch20subsubch11-22), sit beside the countries instead of under Germany.","Move the </div> at line 91910 to line 106647, after the </div> that closes ch20subsubch22 and before <pb n=""1041""/>.","The contents list prints all thirteen topics under ""Germany:"" (lines 15479-15507).",yes: the file still parses and the stated nesting results,https://history.state.gov/historicaldocuments/frus1945Berlinv02/ch20subsubch11
frus1873p1v2,ch5subsubch14,frus1873p1v2.xml,57993,4600711,confirmed,"In Appendix No. I, Part IV (Correspondence between the United States and Great Britain) and Part V (... and Other Countries) sit inside Part III (Laws of Other Countries), after its last country.","Move the </div> at line 61319, which closes Part III (ch5subch3), to line 57993, immediately before <div xml:id=""ch5subsubch14"">. Parts III to VI are then siblings and Part V keeps its nine countries.","The List of Papers prints Parts III, IV, V and VI at one level (lines 48063, 48114, 48118, 48285).",yes: the file still parses and the stated nesting results,https://history.state.gov/historicaldocuments/frus1873p1v2/ch5subsubch14
frus1943CairoTehran,ch12subsubch24,frus1943CairoTehran.xml,71015,5635560,confirmed,"The Combined Chiefs of Staff dinner meeting of Monday, December 6 sits inside the 7:30 p.m. meeting before it.","Move the </div> at line 71095 to line 71015, immediately before <div xml:id=""ch12subsubch24"">.",The contents list prints the dinner meeting beside the day's other seven sessions (lines 8791-8816).,yes: the file still parses and the stated nesting results,https://history.state.gov/historicaldocuments/frus1943CairoTehran/ch12subsubch24
frus1949v07p2,comp2,frus1949v07p2.xml,41483,3266066,confirmed,"The compilation ""East Asian-Pacific area"" sits inside the compilation ""Northeast Asia:"".","Move the </div> at line 48905 to line 41483, immediately before <div xml:id=""comp2"">.","The contents list prints ""Northeast Asia"" and ""East Asian-Pacific Area"" at one level (lines 5554, 5576).",yes: the file still parses and the stated nesting results,https://history.state.gov/historicaldocuments/frus1949v07p2/comp2
frus1874,comp28,frus1874.xml,106516,8813960,confirmed,"Three countries, ""Sweden and Norway."", ""Turkish Empire."" and ""Venezuela."" (comp28-comp30), sit inside ""Spain."" (comp27).","Move the </div> at line 115159 to line 106516, immediately before <div xml:id=""comp28"">.","The volume's 29 country compilations (comp2 to comp30) are in alphabetical order, Argentine Republic to Venezuela. The 26 through Spain are siblings; these three continue the alphabet.",yes: the file still parses and the stated nesting results,https://history.state.gov/historicaldocuments/frus1874/comp28
frus1900,ch19,frus1900.xml,33397,2456413,confirmed,"""Negotiations with China for settlement and reparation"" (ch19) sits inside ""The Siege and relief of the legations at Pekin"" (ch18).","Move the </div> at line 37213 to line 33397, immediately before <div xml:id=""ch19"">.","The contents list prints the two as consecutive items under China (lines 6653, 6655).",yes: the file still parses and the stated nesting results,https://history.state.gov/historicaldocuments/frus1900/ch19
frus1915,ch90subsubch1,frus1915.xml,126759,8968162,confirmed,"The tag is written too early: ""Spanish interests"" (ch90subch2) closes before its own sub-topic, ""Expulsion of the Spanish Minister from Mexico"" (ch90subsubch1), which is left beside it.","Move the </div> at line 126758 to line 127506, immediately before <div xml:id=""ch90subch3"">.","The contents list nests ""Expulsion of the Spanish Minister from Mexico"" under ""Spanish interests"" (lines 9350-9357).",yes: the file still parses and the stated nesting results,https://history.state.gov/historicaldocuments/frus1915/ch90subsubch1
frus1943,ch11subsubch11,frus1943.xml,113918,8615364,confirmed,"The tag is written too early: ""Wednesday, September 8, 1943"" (ch11subch6) closes after its first meeting, leaving its luncheon and early-afternoon meetings beside the days.","Move the </div> at line 113917 to line 114064, immediately before <div xml:id=""ch11subch7"">.",The contents list prints all three meetings under September 8 (lines 10102-10115).,yes: the file still parses and the stated nesting results,https://history.state.gov/historicaldocuments/frus1943/ch11subsubch11
frus1947v03,ch8subch5,frus1947v03.xml,66241,5271178,confirmed,"Both tags are written too early. ""Western Europe:"" (ch8) closes after France, so Germany, Greece, Iceland and Italy sit directly in ""Europe:"" (comp2).","Move the </div> at line 66239 to line 84336, immediately before </body>.","The contents list prints Austria through Sweden in one list under ""Western Europe"" (lines 8553-8682).",yes: the file still parses and the stated nesting results,https://history.state.gov/historicaldocuments/frus1947v03/ch8subch5
frus1947v03,ch8subch9,frus1947v03.xml,77932,6224547,confirmed,"""Europe:"" (comp2) closes after Italy, so the Netherlands, Norway, Portugal, Spain and Sweden sit at the root of <body>, outside every compilation.",Move the </div> at line 77930 to line 84336 as well.,"As above. One point is left to you: the contents list prints ""Western Europe"" beside ""Europe"", where the file makes it a chapter of ""Europe"".",yes: the file still parses and the stated nesting results,https://history.state.gov/historicaldocuments/frus1947v03/ch8subch9
frus1955-57v13,sources,frus1955-57v13.xml,7128,371545,confirmed,"The Sources division does not close until the end of the front matter, so the List of Abbreviations (terms) and the List of Persons (persons) sit inside it.","Move the </div> at line 8915 to line 7411, after the </list> that ends the sources and before the two <pb/> that precede <div xml:id=""terms"">.","The contents list prints List of Sources, List of Abbreviations and List of Persons at one level (lines 7068-7071).",yes: the file still parses and the stated nesting results,https://history.state.gov/historicaldocuments/frus1955-57v13/sources
frus1964-68v06,sources,frus1964-68v06.xml,9035,473985,confirmed,"The Sources division does not close until the end of the front matter, so Abbreviations and Terms, Names, and the Note on U.S. Covert Actions sit inside it.","Move the </div> at line 11160 to line 9808, after the </list> that ends the sources and before the two <pb/> that precede <div xml:id=""terms"">.","The contents list prints Sources XIII, Abbreviations and Terms XXV, Persons XXXI and Note on U.S. Covert Actions XXXVII at one level (lines 9011-9014).",yes: the file still parses and the stated nesting results,https://history.state.gov/historicaldocuments/frus1964-68v06/sources
frus1868p1,comp1,frus1868p1.xml,10663,592674,confirmed,"The root division ""Correspondence."" is typed chapter, though its id is comp1 and it holds ten chapters.","Change type=""chapter"" to type=""compilation"" on the div that opens at line 10663 (the attribute is on line 10664). No tag moves.","The same division of the companion volume, frus1868p2 comp1 ""Correspondence."", is typed compilation.",yes: the file still parses and the stated nesting results,https://history.state.gov/historicaldocuments/frus1868p1/comp1
frus1888p2,ch12,frus1888p2.xml,66446,5447461,question,"In Supplement A, the chapter ""Appendix: British Official Publication. United States No. 4 (1888)."" (ch12) sits inside the chapter ""Great Britain."" (ch11).","If the appendix belongs to the supplement, move the </div> at line 66900 to line 66446, immediately before <div xml:id=""ch12"">. If it belongs to ""Great Britain."", it is a subchapter.","Nothing in the file settles it: ""Great Britain."" is the supplement's only chapter. Please check the printed volume.",yes: the file still parses and the stated nesting results,https://history.state.gov/historicaldocuments/frus1888p2/ch12
frus1902app1,ch1,frus1902app1.xml,34449,2619330,question,"In the Counter memorandum (comp6), the four CASE chapters sit inside the historical-document section s05 instead of beside it.","Move the </div> at line 36690 to line 34449, immediately before <div xml:id=""ch1"">.",The Rejoinder (comp7) and the Surrejoinder (comp8) of the same file place their four CASE chapters beside the memorandum section. Please check the printed volume.,yes: the file still parses and the stated nesting results,https://history.state.gov/historicaldocuments/frus1902app1/ch1
