row,era,anchor_volume,anchor_doc,anchor_snippet,neighbor_volume,neighbor_doc,neighbor_snippet,verdict (good / moderate / garbage),note
1,pre-1900,frus1861,d1,"Schedule A . Executive Mansion , Washington, D. C. , 1861 . Rev.———— ————. Sir : Having been solicited by Christian ministers, and other pious people, to appoint suitable persons to act as chaplains at the hospitals for our sick and wounded soldiers, and feeling the intrinsic pro",frus1861,d2,"Mr. Black ( Secretary of State ) to all the ministers of the United States . Department of State , Washington , February 28, 1861 . CIRCULAR. Sir : You are, of course, aware that the election of last November resulted in the choice of Mr. Abraham Lincoln; that he was the candidat",,
2,pre-1900,frus1861,d302,"Mr. Thayer to Mr. Seward . [Extract] No. 4.] United States Consulate General , Alexandria, Egypt , July 20, 1861 . Sir : * * * * * * * * Mr. Haywood, secretary of the Manchester Cotton Supply Association, is expected here daily on a mission to Egypt and India, relative to the pro",frus1861,d301,"Mr. Thayer to Mr. Seward . No. 3.] United States Consulate General , Alexandria, Egypt , June 29, 1861 . Sir : I have the honor to inform yon of my arrival at this port on the morning of the 26th instant. The interruption of travel between Washington and New York, consequent on t",,
3,pre-1900,frus1861,d160,"Mr. Seward to Mr. Dayton . No. 80.] Department of State , Washington , November 7, 1861 . Sir : I have the honor to acknowledge the receipt of your despatch of October 22, (No. 69,) which is accompanied by a note from Mr. Thouvenel on the subject of my despatch to you, No. 56. I ",frus1861,d157,"Mr. Seward to Mr. Dayton . No. 71.] Department of State , Washington , October 21, 1861 . Sir : Your despatch of September 30 (No. 54) has been duly received. Your vigilance in communicating to me Mr. Brown’s comments on the subject of confiscation is approved. You will have lear",,
4,pre-1900,frus1861,d224,"Mr. Fay to Mr. Seward . [Extract.] No. 426.] United States Legation , Berne , June 3, 1861 . Sir : * * * * * * * * * Mr. Fogg has not yet arrived, although the telegraph announces that he is in London. Everything is ready for him here. A despatch for him has been received but not",frus1861,d227,"Mr. Fogg to Mr. Seward . No. 1.] United States Legation , Berne , July 8, 1861 . Sir : Leaving New York for my post of duty on the steamer “Adriatic,” the 14th day of May, I reached Berne via Galway, London, and Paris, June 21, having previously ascertained by correspondence with",,
5,pre-1900,frus1861,d276,"Mr. Angel to Mr. Seward . [Extract.] No. 77.] Legation of the United States , Stockholm , May 30, 1861 . Sir : * * * * * * * * * Herewith I beg permission to enclose a copy of my note to Count Manderstrom, minister of foreign affairs, transmitting copies of the President’s procla",frus1861,d164,"Mr. Preston to Mr. Seward . [Extract] No. 54.] Legation of the United States , Madrid , May 25, 1861 . Sir : * * * * * * * * The proclamations of the President declaring the blockade of the ports of Virginia, North Carolina, and other southern States, have been transmitted to the",,
6,pre-1900,frus1861,d139,"Mr. Seward to Mr. Dayton . [Extract.] No. 30.] Department of State , Washington , July 26, 1861 . Sir : * * * * * * * * The President is not impatient about the negotiations concerning neutral rights. We trust that we have kept our own position right and clear. You will probably ",frus1861,d198,"Mr. Seward to Mr. Clay . [Extract] No. 8.] Department of State , Washington , July 8, 1861 . Sir : Your despatch No. 3, dated June 7, was duly received, and the intelligence of your safe arrival at your destination afforded us much satisfaction. So also the President is highly gr",,
7,pre-1900,frus1861,d22,"Mr. Sanford to Mr. Seward . [Extracts.] No. 5.] Legation of the United States , Brussels , May 26, 1861 . Sir : I had a conversation to-day with M. de Vrière on the subject of the efforts of the commissioners of the so-called “Confederate States” to obtain recognition of the Euro",frus1861,d20,"Mr. Seward to Mr. Sanford . No. 2.] Department of State , Washington , March 26, 1861 . Sir : Having spent the winter in Washington, you need not be informed of the attempts of a misguided party of citizens in several of the southern States, not unattended with violence and spoli",,
8,pre-1900,frus1861,d300,"Mr. Seward to Mr. Dickinson . No. 2.] Department of State , Washington , June 5, 1861 . Sir : The Spanish American states are important characters in the interesting drama of advancing civilization. They occupy a virgin domain equal to about one-eighth of the habitable part of th",frus1861,d163,"Mr. Seward to Mr. Schurz . [Extract.] No. 2.] Department of State , Washington , April 27, 1861 . Sir : You receive the President’s instructions for the discharge of your very important mission at a moment when a domestic crisis, long apprehended with deep solicitude, is actually",,
9,pre-1900,frus1861,d37,"Mr. Corwin to Mr. Seward . [Extract.] No. 1.] Legation of the United States , City of Mexico , May 29, 1861 . Sir : * * * * * * * * I deem it of the very first importance that our consuls at every port on the Gulf of Mexico should be at their respective posts, with careful and sp",frus1861,d38,"Mr. Corwin to Mr. Seward . [Extracts.] No. 2. Legation of the United States , Mexico , June 29, 1861 . Sir : * * * * * * * * The present time is most propitious for securing the advantages and preventing the evils which I have suggested. The government here feels the strongest sy",,
10,pre-1900,frus1861,d155,"Mr. Seward to Mr. Dayton . No. 66.] Department of State , Washington , October 10, 1861 . Sir : Some unaccounted for obstruction of the mails has caused a delay in the receipt of your despatch of the 7th of September (No. 44) until this time. As I expected, you very properly anti",frus1861,d158,"Mr. Seward to Mr. Dayton . No. 72.] Department of State , Washington , October 21, 1861 . Sir : Your despatch of September 30 (No. 55) has been received. I thank you for your diligence in transmitting the papers concerning our blockade, which it contains. The blockade is already ",,
11,pre-1900,frus1861,d48,"Mr. Adams to Mr. Seward . [Extracts] No. 4.] Legation of the United States , London , May 31, 1861 . Sir : * * * * * * * * * * * * I have likewise to acknowledge the reception of a printed circular addressed to my predecessor, Mr. Dallas, and dated the 27th of April, 1861, transm",frus1861,d68,"Mr. Adams to Mr. Seward . [Extract.] No. 29.] Legation of the United States , London , August 16, 1861 . Sir : I have read with great attention the contents of your despatch, No. 42, dated the 21st July, and shall avail myself of the argument upon the next occasion of an intervie",,
12,pre-1900,frus1861,d287,"Mr. Seward to Mr. Haldeman . [Extract.] No. 7.] Department of State , Washington , September 7, 1861 . Sir : * * * * * * * * * * * * * * * * * * Your communications concerning internal questions in Sweden are appreciated, and we hope that the succession to the throne may be settl",frus1861,d282,"Mr. Seward to Mr. Haldeman . No. 3.] Department of State , Washington , July 25, 1861 . Sir : Your despatch of June 26 (No. 2) has been received. So much of it as relates to the preservation of the archives, and other matters of subordinate interest, will be noticed in a distinct",,
13,pre-1900,frus1861,d229,"Mr. Seward to Mr. Fogg . No. 8.] Department of State , Washington , August 6, 1861 . Sir : Your despatch No. 1, dated 8th July last, has been received. Your account of your interview with Mr. Fay, and of the circumstances of the audience granted you by the government of the repub",frus1861,d228,"Mr. Seward to Mr. Fogg . [Extract.] No. 6.] Department of State , Washington , July 29, 1861 . Sir : Mr. Fay’s despatch of July 2 (No. 431) has been duly received. The account he has given us of his retirement and your entrance upon the mission, as also the sentiments expressed b",,
14,pre-1900,frus1861,d123,"Mr. Dayton to Mr. Seward . [Extracts.] No. 5.] Paris , May 22, 1861 . Sir : I have the pleasure to announce to you my arrival in this city on Saturday, May 11. On Monday, application was made through our legation for an audience with Mr. Thouvenel, minister of foreign affairs, wh",frus1861,d121,"Mr. Faulkner to Mr. Seward . [Extract.] No. 119.] Legation of the United States , Paris , April 15, 1861 . Sir : I called to-day upon Mr. Thouvenel at the ministry of foreign affairs, and was promptly admitted to an interview. Agreeably to your request, I handed to him a copy of ",,
15,pre-1900,frus1861,d181,"Mr. Schurz to Mr. Seward . [Extract.] No. 27.] Legation of the United States , Madrid , October 9, 1861 . Sir : * * * * * * * * * After having closed our conversation on the Mexican business, I called Mr. Calderon’s attention to a report going through the American and European pr",frus1861,d183,"Mr. Schurz to Mr. Seward . No. 33.] Legation of the United States , Madrid , October 20, 1861 . Sir : Last night I called upon Mr. Calderon, for the purpose of reading to him the memorandum of our conversation of the 16th instant. After having suggested some additions, which were",,
16,pre-1900,frus1861,d58,"Mr. Seward to Mr. Adams . No. 32.] Department of State , Washington , July 1, 1861 . Sir : Your despatch No. 8 (dated June 14) has been received. My despatch, No. 21, of 19th ultimo, has anticipated the matter you have discussed in the paper before me. It remains only to say that",frus1861,d54,"Mr. Adams to Mr. Seward . [Extracts.] No. 8.] Legation of the United States , London , June 14, 1861 . Sir : I have to acknowledge the reception of your despatches No. 10, dated the 21st of May, and No. 11, dated on the 24th, with a copy of a letter from Mr. O. Vandenburgh, and a",,
17,pre-1900,frus1861,d213,"Mr. Seward to Mr. Marsh . No. 5.] Department of State , Washington , June 21, 1861 . Sir : Your despatch No. 2, written at Paris May 29, has been received. The government not only accepts your explanation of the delay you have made on your way to your post of duty, but also appre",frus1861,d217,"Mr. Seward to Mr. Marsh . No. 8.] Department of State , Washington , July 23, 1861 . Sir : Your despatch of June 27, No. 3, has been received. The account it gives us of your reception and of the sentiments and feelings of the Italian government in regard to the United States is ",,
18,pre-1900,frus1861,d52,"Mr. Seward to Mr. Adams . No. 15.] Department of State , Washington , June 8, 1861 . Sir : I have the pleasure of acknowledging the receipt of your despatch of May 21, (No. 2,) which contains a report of the conversation which you had held with Lord John Russell on the 18th day o",frus1861,d61,"Mr. Seward to Mr. Adams . No. 42.] Department of State , Washington , July 21, 1861 . Sir : Your despatch of June 28, No. 10, has been received. I have already, in a previous communication, informed you that this government has not been disturbed by the action of the British auth",,
19,pre-1900,frus1861,d268,"Mr. Seward to Mr. Pike . No. 32.] Department of State , Washington , November 11, 1861 . Sir : Your despatch of October 16 (No. 23) has been received. It contains the reply of Mr. de Zuylen to the note you had addressed to him on the subject of the “Sumter” at Paramaribo. In anot",frus1861,d264,"Mr. Seward to Mr. Pike . No. 28.] Department of State , Washington , October 30, 1861 . Sir : Your despatch of October 9 (No. 20) has been received. We wait with much interest the result of your application to the government of the Netherlands for explanations of the hospitalitie",,
20,pre-1900,frus1861,d90,"Mr. Adams to Mr. Seward . No. 58.] Legation of the United States , London , October 11, 1861 . Sir : I have the honor to enclose a copy of Lord Russell’s note to me of the 4th instant, in reply to my representation of the conduct of the authorities of the island of Trinidad, made",frus1861,d89,"Mr. Adams to Mr. Seward . [Extract.] No. 53.] Legation of the United States , London , October 4, 1861 . Sir : I have to acknowledge the reception of despatches from the department, numbered from 85 to 89, both inclusive. The despatch, No. 85, dated the 10th of September, like it",,
21,pre-1900,frus1861,d299,"Mr. Crosby to Mr. Seward . [Extract.] No. 1.] Legation of the United States , Guatemala , June 1, 1861 . Sir : * * * * * * * * * His excellency the President of Guatemala and his ministers, as well as the other officers and gentlemen of the government and country, all express the",frus1861,d38,"Mr. Corwin to Mr. Seward . [Extracts.] No. 2. Legation of the United States , Mexico , June 29, 1861 . Sir : * * * * * * * * The present time is most propitious for securing the advantages and preventing the evils which I have suggested. The government here feels the strongest sy",,
22,pre-1900,frus1861,d280,"Mr. Haldeman to Mr. Seward . [Extract.] No. 3.] Legation of the United States , Stockholm , July 4, 1861 . Sir : I have the honor, in reply to your circular of May 20, to inform you that I am almost confident no effort or attempt to purchase articles contraband of war, or to fit ",frus1861,d279,"Mr. Haldeman to Mr. Seward . [Extract.] No. 1.] Legation of the United States , Stockholm , June 14, 1861 . Sir : * * * * * * * * Yesterday I called, by appointment, upon Count Manderstrom, minister of foreign affairs. Count M., in behalf of his government, welcomed me most cordi",,
23,pre-1900,frus1861,d190,"Mr. Stockton to Mr. Seward . Washington , September 14, 1861 . Sir : I have the honor to inform you that I left my post of duty on my return home on the 6th day of June last. But before doing so, according to the tenor of my despatch, (No. 48,) I communicated the contents of the ",frus1861,d189,"Mr. Seward to Mr. Stockton . No. 13.] Department of State , Washington , April 30, 1861 . Sir : An instruction, numbered 2, and dated the 29th instant, has been addressed to your successor, Mr. King, of which, as it relates to a subject of present moment, I have deemed it expedie",,
24,pre-1900,frus1861,d19,"Mr. Seward to Mr. Judd . No. 16.] Department of State , Washington , October 21, 1861 . Sir : Your despatch of September 24 (No. 8) has been received. It treats of many matters interesting, though not of chief importance. Your proceedings in regard to them are approved. Disunion,",frus1861,d85,"Mr. Seward to Mr. Adams . [Confidential.] No. 95.] Department of State , Washington , September 25, 1861 . Sir : Your despatch of September 7 (No. 39) has just been received. Your review of the correspondence between us and the British government since you entered upon your missi",,
25,pre-1900,frus1861,d183,"Mr. Schurz to Mr. Seward . No. 33.] Legation of the United States , Madrid , October 20, 1861 . Sir : Last night I called upon Mr. Calderon, for the purpose of reading to him the memorandum of our conversation of the 16th instant. After having suggested some additions, which were",frus1861,d181,"Mr. Schurz to Mr. Seward . [Extract.] No. 27.] Legation of the United States , Madrid , October 9, 1861 . Sir : * * * * * * * * * After having closed our conversation on the Mexican business, I called Mr. Calderon’s attention to a report going through the American and European pr",,
26,pre-1900,frus1861,d77,"Mr. Adams to Mr. Seward . [Extracts.] No. 39.] Legation of the United States , London , September 7, 1861 . Sir : I have the honor to acknowledge the reception of despatches from the department, numbered from 61 to 67, both inclusive. Since the date of your No. 61, of the 17th of",frus1861,d74,"Mr. Adams to Mr. Seward . No. 34.] Legation of the United States , London , August 30, 1861 . Sir : It is not without regret that I am compelled to announce the failure of the negotiation which I am led, by the tenor of your despatches, Nos. 55 and 58, to infer you considered alm",,
27,pre-1900,frus1861,d42,"Mr. Dallas to Mr. Seward . No. 330.] Legation of the United States , London , April 9, 1861 . Sir : Referring to my despatch of the 5th instant, (No. 329,) I have now the honor to state that Lord John Russell accorded me an interview at the foreign office yesterday, and enabled m",frus1861,d44,"Mr. Dallas to Mr. Seward . No. 333.] Legation of the United States , London , May 2, 1861 . Sir : In my No. 329 I mentioned having received your Nos. 306 and 307, and “a circular of the 9th of March, 1861.” As I have got no despatch from you, numbered 308, it is probable that thi",,
28,pre-1900,frus1861,d78,"Mr. Adams to Mr. Seward . No. 41.] Legation of the United States , London , September 9, 1861 . Sir : I have the honor to acknowledge the reception at the hands of your messenger, Captain Schultz, of a bag purporting to contain public despatches from Mr. Robert Bunch, the consul ",frus1861,d70,"Mr. Seward to Mr. Adams . No. 63.] Department of State , Washington , August 17, 1861 . Sir : Alexander H. Schultz, a special messenger, will deliver to you this despatch, together with a bag containing papers addressed to Lord John Russell. On the 5th instant I was advised by a ",,
29,pre-1900,frus1861,d206,"Mr. Seward to Mr. Wood . No. 3.] Department of State , Washington , May 6, 1861 . Sir : Herewith I transmit a copy of a despatch of the 24th ultimo, which has been addressed to the several ministers of the United States accredited to the maritime powers whose plenipotentiaries co",frus1861,d25,"Mr. Seward to Mr. Sanford . No. 4.] Department of State , Washington , May 6, 1861 . Sir : Herewith I transmit a copy of a despatch of the 24th ultimo, which has been addressed to the several ministers of the United States accredited to the maritime powers whose plenipotentiaries",,
30,pre-1900,frus1861,d66,"Mr. Seward to Mr. Adams . No. 55.] Department of State , Washington , August 6, 1861 . Sir : Your despatch, No. 17, of the date of July 19th, has been received. I entirely approve of the letter which you addressed to Lord John Russell, of the 11th, a copy of which accompanied tha",frus1861,d143,"Mr. Seward to Mr. Dayton . [Confidential] No. 41.] Department of State , Washington , August 17, 1861 . Sir : I send you a copy of a despatch, which is this day sent to Mr Adams, concerning the negotiations with Great Britain for the melioration of international law relating to t",,
31,pre-1900,frus1861,d198,"Mr. Seward to Mr. Clay . [Extract] No. 8.] Department of State , Washington , July 8, 1861 . Sir : Your despatch No. 3, dated June 7, was duly received, and the intelligence of your safe arrival at your destination afforded us much satisfaction. So also the President is highly gr",frus1861,d139,"Mr. Seward to Mr. Dayton . [Extract.] No. 30.] Department of State , Washington , July 26, 1861 . Sir : * * * * * * * * The President is not impatient about the negotiations concerning neutral rights. We trust that we have kept our own position right and clear. You will probably ",,
32,pre-1900,frus1861,d73,"Mr. F. W. Seward to Mr. Adams . No. 74.] Department of State , Washington , August 27, 1861 . Sir : Your despatch of August 8, No. 25, has been received. The account you have given us of the impression made by the reverse of our arms at Manassas does not surprise me. But there ar",frus1861,d85,"Mr. Seward to Mr. Adams . [Confidential.] No. 95.] Department of State , Washington , September 25, 1861 . Sir : Your despatch of September 7 (No. 39) has just been received. Your review of the correspondence between us and the British government since you entered upon your missi",,
33,pre-1900,frus1861,d169,"Mr. Schurz to Mr. Seward . [Extracts.] No. 2.] Legation of the United States , Madrid , July 15, 1861 . Sir : * * * * * * * * * * * * * * * * * * * * * * * * * * * Señor Calderon Collantes then asked me whether the declaration of neutrality on the part of Spain in regard to our d",frus1861,d181,"Mr. Schurz to Mr. Seward . [Extract.] No. 27.] Legation of the United States , Madrid , October 9, 1861 . Sir : * * * * * * * * * After having closed our conversation on the Mexican business, I called Mr. Calderon’s attention to a report going through the American and European pr",,
34,pre-1900,frus1861,d267,"Mr. Seward to Mr. Pike . No. 31.] Department of State , Washington , November 11, 1861 . Sir : Your despatch No. 24, dated October 23, has been received. I learn from it that the government of the Netherlands has made an order which will, it is hoped, practically prevent the recu",frus1861,d265,"Mr. Seward to Mr. Pike . No. 29.] Department of State , Washington , November 2, 1861 . Sir : Your despatch of October 12 (No. 22) has been received. I learn with much pleasure that you have assurances which, although informal, lead you to expect that a satisfactory course will b",,
35,interwar,frus1938v01,d335,"852.2221/1260: Telegram The Counselor of Embassy in Spain ( Thurston ) to the Secretary of State Mataro , November 7, 1938—9 a.m. [Received 8:15 p.m.] 1075. My 1074, November 6, 5 p.m. The British Minister informed me last night that no decision has yet been reached regarding the",frus1938v01,d334,"852.2221/1258: Telegram The Counselor of Embassy in Spain ( Thurston ) to the Secretary of State [ Mataro ,] November 6, 1938—5 p.m. [Received November 7—noon.] 1074. In view of reports that the French authorities were placing difficulties in the way of the repatriation of foreig",,
36,interwar,frus1938v01,d669,"760F.62/1270: Telegram The Ambassador in France ( Bullitt ) to the Secretary of State Paris , September 28, 1938—6 p.m. [Received September 28—4:14 p.m.] 1636. I have just discussed with Bonnet Hitler’s invitation to Mussolini, Daladier and Chamberlain to meet him at Munich at 2 ",frus1938v01,d641,"760F.62/1125: Telegram The Ambassador in France ( Bullitt ) to the Secretary of State Paris , September 26, 1938—8 p.m. [Received September 26—6:25 p.m.] 1601. I have just talked with Bonnet. He said that the conversations with the British had been most satisfactory. The French h",,
37,interwar,frus1938v01,d484,"124.63/103b: Telegram The Secretary of State to the Ambassador in Germany ( Wilson ) Washington , April 5, 1938—6 p.m. 34. On March 21, 1938, the following formal note was sent to the German Ambassador: “Excellency: I have the honor to acknowledge the receipt of your notes dated ",frus1938v01,d473,"701.6311/390b: Telegram The Secretary of State to the Ambassador in Germany ( Wilson ) The same telegram was sent on the same day to the Chargé in Austria as No. 41. Washington , March 19, 1938—3 p.m. 27. For your information. The following statement was made to the press by the ",,
38,interwar,frus1938v01,d14,"863.00/1471: Telegram The Chargé in France ( Wilson ) to the Secretary of State Paris , March 14, 1938—7 p.m. [Received 9:30 p.m.] 403. I had an hour’s talk with Léger this afternoon. He set forth the French position in the Austrian crisis See pp. 384 ff. as follows: The French G",frus1938v01,d424,"762.63/541 The Minister in Czechoslovakia ( Carr ) to the Secretary of State No. 93 Prague , March 2, 1938 . [Received March 19.] Sir : In my telegram No. 18 of February 26, 12 noon, 1938, Not printed. I reported the substance of an interview which Mr. Chapin Vinton Chapin, Secon",,
39,interwar,frus1938v01,d176,"852.00/8171: Telegram The Ambassador in Italy ( Phillips ) to the Secretary of State Rome , June 29, 1938—noon . [Received June 29—8:50 a.m.] 160. My telegram 134, June 6, 1 p.m. Perth called on Ciano yesterday and unofficially sought to impress upon him the extremely unfavorable",frus1938v01,d159,"852.00/8040: Telegram The Ambassador in Italy ( Phillips ) to the Secretary of State Rome , June 6, 1938—1 p.m. [Received 3:45 p.m.] 134. I am informed by the British Ambassador that he recently received instructions to call upon Count Ciano to express the unfortunate effect whic",,
40,interwar,frus1938v01,d434,"762.63/520: Telegram The Chargé in Austria ( Wiley ) to the Secretary of State Vienna , March 11, 1938—6 p.m. [Received March 11—3:15 p.m.] 62. British Minister instructed by his Government that it informed Ribbentrop today of serious impression which would be created in England ",frus1938v01,d444,"863.00/1426: Telegram The Chargé in Austria ( Wiley ) to the Secretary of State Vienna , March 12, 1938—2 p.m. [Received March 12—11:30 a.m.] 72. British and French Ministers believe since Miklas still nominally President they should recognize new government. French Minister stat",,
41,interwar,frus1938v01,d317,"852.2221/1185a: Telegram The Secretary of State to the Ambassador in France ( Bullitt ) Washington , September 28, 1938—5 p.m. 714. Friends of the Abraham Lincoln Brigade inform us that French refuse to permit entry into France of members of the International Brigade now being di",frus1938v01,d330,"852.2221/1246a: Telegram The Secretary of State to the Chargé in France ( Wilson ) Washington , November 1, 1938—7 p.m. 826. At request of David MeKelvey White of Friends of Abraham Lincoln Brigade, please report circumstances of and basic reason for reported action of French aut",,
42,interwar,frus1938v01,d458,"863.00/1469: Telegram The Ambassador in Germany ( Wilson ) to the Secretary of State Berlin , March 14, 1938—4 p.m. [Received March 14—2:30 p.m.] 124. Inquiry at the Foreign Office reveals that Ribbentrop and Weizsaecker are departing by plane this afternoon for Vienna in order t",frus1938v01,d471,"863.00/1528: Telegram The Chargé in Austria ( Wiley ) to the Secretary of State Vienna , March 18, 1938—3 p.m. [Received March 18—12:20 p.m.] 111. Numerous laws and regulations affecting Austria announced Berlin which I suppose Embassy is reporting. British Minister telephoned fr",,
43,interwar,frus1938v01,d727,"840.48 Refugees/409: Telegram The Chargé in Luxemburg ( Waller ) to the Secretary of State Luxemburg , June 27, 1938—noon . [Received June 27—9 a.m.] 16. I have strongest reason to believe that the Grand Ducal Government, having a refugee problem of its own and lying on German fr",frus1938v01,d729,"840.48 Refugees/409: Telegram The Secretary of State to the Chargé in Luxemburg ( Waller ) Washington , June 28, 1938—7 p.m. 2. Your 16, June 27, noon. Invitations to attend the Evian meeting were extended only to those countries which offered some reasonable possibility of accep",,
44,interwar,frus1938v01,d12,"793.94119/401½ Memorandum of Conversation, by the Under Secretary of State ( Welles ) [Extract] [ Washington ,] March 3, 1938 . The British Ambassador called to see me this morning and left with me for purposes of information copies of confidential instructions that had been sent",frus1938v01,d79,"740.00/290½ Memorandum of Conversation, by the Under Secretary of State ( Welles ) [Extract] [ Washington ,] February 9, 1938 . The British Ambassador called to see me this afternoon at my request. I told him that in a conversation which I had had with the President this morning ",,
45,interwar,frus1938v01,d638,"760F.62/1101: Telegram The British Prime Minister ( Chamberlain ) to the Secretary of State Before the telegram was received, the text had been telephoned by Mr. Eastwood of the British Foreign Office to Mr. Moffat, Chief of the Division of European Affairs, and a copy taken to t",frus1938v01,d637,"760F.62/1102: Telegram The Ambassador in the United Kingdom ( Kennedy ) to the Secretary of State London , September 26, 1938—4 p.m. [Received September 26—11:35 a.m.] 1030. I have just talked with Halifax. He gave me two items of great secrecy. The first is that Chamberlain defi",,
46,interwar,frus1938v01,d939,"031.11 Ellsworth Antarctic Expedition/93: Telegram The Secretary of State to the Consul at Capetown ( Denby ) Washington , October 22, 1938—11 a.m. The air mail despatch Despatch No. 200, October 1, not printed. referred to in your telegram of October 14, 9 a.m. Not printed. has ",frus1938v01,d940,"031.11 Ellsworth Antarctic Expedition/95 The Vice Consul at Capetown ( Richards ) to the Secretary of State No. 211 Capetown , November 7, 1938 . [Received December 7.] Sir : I have the honor to refer to the Department’s telegraphic instruction of October 22, 1938, and to previou",,
47,interwar,frus1938v01,d482,"863.00/1698 The Ambassador in Germany ( Wilson ) to the Secretary of State No. 56 Berlin , March 30, 1938 . [Received April 13.] Sir : I am transmitting herewith a memorandum entitled “Austrian Development—Information and Opinion” prepared by Mr. Gilbert, Counselor of Embassy. Mr",frus1938v01,d7,"762.63/489½ Memorandum by the Assistant Secretary of State ( Messersmith ) to the Secretary of State Transmitted to President Roosevelt by the Secretary of State; photostatic copy obtained from the Franklin D. Roosevelt Library, Hyde Park, N. Y. [ Washington ,] February 18, 1938 ",,
48,interwar,frus1938v01,d816,"840.48 Refugees/999: Telegram The Chargé in Germany ( Gilbert ) to the Secretary of State Berlin , November 28, 1938—5 p.m. [Received November 28—2:45 p.m.] 664. My 656, November 25, 5 p.m., second paragraph. Not printed; the pertinent passage reads: “I have asked for an appointm",frus1938v01,d777,"840.48 Refugees/829: Telegram The Ambassador in Germany ( Wilson ) to the Secretary of State Berlin , October 18, 1938—5 p.m. [Received October 18—2:06 p.m.] 555. My 549, October 15, 11 a.m. Ribbentrop as usual is out of town having been almost continuously absent from Berlin sin",,
49,interwar,frus1938v01,d710,"760F.62151/8: Telegram The Minister in Czechoslovakia ( Carr ) to the Secretary of State Praha , November 7, 1938—5 p.m. [Received November 7—2:50 p.m.] 326. Department’s telegram No. 99, November 3, 7 p.m. Not printed. As far as I can ascertain the situation with respect to the ",frus1938v01,d682,"760F.62/1342: Telegram The Minister in Czechoslovakia ( Carr ) to the Secretary of State Praha , September 30, 1938—1 p.m. [Received September 30—11:10 a.m.] 262. Text of Munich Agreement Signed September 29 between Germany, the United Kingdom, France, and Italy; British Document",,
50,interwar,frus1938v01,d56,"740.00/486: Telegram The Chargé in France ( Wilson ) to the Secretary of State [Extract] Paris , October 5, 1938—6 p.m. [Received October 5—3 p.m.] 1699. Rochat, Chief of the European Division of the Foreign Office, has just confirmed to me that François-Poncet will be the new Fr",frus1938v01,d205,"740.00/485: Telegram The Ambassador in Italy ( Phillips ) to the Secretary of State Rome , October 5, 1938—1 p.m. [Received October 5—9:05 a.m.] 283. This morning’s announcement from Paris of the decision of the French Government to recognize the Italian Empire and to appoint an ",,
51,interwar,frus1938v01,d677,"760F.62/1306: Telegram The Ambassador in France ( Bullitt ) to the Secretary of State Paris , September 29, 1938—6 p.m. [Received September 29—2:10 p.m.] 1647. Bonnet has just informed me the luncheon at Munich passed off in a spirit of general gaiety and conciliation. There is a",frus1938v01,d666,"760F.62/1199: Telegram The Ambassador in France ( Bullitt ) to the Secretary of State Paris , September 28, 1938—4 p.m. [Received September 28—11:15 a.m.] 1626. I am informed by the Foreign Office that Mussolini has invited Hitler, Daladier and Chamberlain to meet him in Munich. ",,
52,interwar,frus1938v01,d375,"852.00/8623 The Consul at Seville ( Bay ) to the Secretary of State No. 360 Seville , October 18, 1938 . [Received November 14.] Sir : I have the honor to inform the Department that recently the press published a detailed list of foreign war material which it stated had been capt",frus1938v01,d376,"852.00/8747 The Acting Secretary of State to the Consul at Seville ( Bay ) No. 45 Washington , December 23, 1938 . The Acting Secretary of State refers to the Consulate’s despatch no. 360 of October 18, 1938, in regard to a quantity of war material, allegedly of American origin, ",,
53,interwar,frus1938v01,d828,"840.48 Refugees/1048: Telegram The Ambassador in the United Kingdom ( Kennedy ) to the Secretary of State London , December 6, 1938—3 p.m. [Received December 6—11:55 a.m.] 1396. From Rublee. Your 732, November 30, 7 p.m. We immediately urged upon the German intermediary, who is a",frus1938v01,d834,"840.48 Refugees/1058: Telegram The Ambassador in the United Kingdom ( Kennedy ) to the Secretary of State London , December 7, 1938—3 p.m. [Received December 7—11:55 a.m.] 1403. From Rublee. We have been informed that the Brussels meeting with Pell and Cotton tomorrow has been ca",,
54,interwar,frus1938v01,d941,"031.11 Ellsworth Antarctic Expedition/98: Telegram The Consul General at Sydney ( Wilson ) to the Secretary of State [Extract] Sydney , February 22, 1939—4 p.m. [Received February 22—6:46 a.m.] Reference the Department’s telegram dated February 17, 1 p.m. Not printed. 1. Owing to",frus1938v01,d938,"031.11 Ellsworth Antarctic Expedition/89 The Secretary of State to the Consul at Capetown ( Denby ) Washington , August 30, 1938 . Sir : Mr. Lincoln Ellsworth is planning to make another expedition to the Antarctic and his vessel, the Wyatt Earp is now en route to Capetown. Mr. J",,
55,interwar,frus1938v01,d294,"852.2221/997: Telegram The Ambassador in France ( Bullitt ) to the Secretary of State Paris , July 5, 1938—1 p.m. [Received 3:56 p.m.] 1058. Your 433, July 1, 8 p.m. We have discussed informally with an official of Foreign Office the question of the return of further American vol",frus1938v01,d293,"852.2221/988: Telegram The Secretary of State to the Ambassador in France ( Bullitt ) Washington , July 1, 1938—8 p.m. 433. Reference telegram of June 30, 5 p.m. from Consulate General at Barcelona regarding traveling and maintenance expenses of American volunteers passing throug",,
56,interwar,frus1938v01,d117,"852.00/7581: Telegram The Ambassador in Italy ( Phillips ) to the Secretary of State Rome , March 23, 1938—noon . [Received March 23—8:55 a.m.] 71. Under instructions from his Government the British Ambassador has pointed out to Count Ciano Galeazzo Ciano, Italian Minister for Fo",frus1938v01,d118,"852.00/7603: Telegram The Ambassador in Italy ( Phillips ) to the Secretary of State Rome , March 25, 1938—11 a.m. [Received March 25—10:30 a.m.] 73. In the course of my conversation with the Foreign Minister yesterday I mentioned the Secretary of State’s press statement showing ",,
57,interwar,frus1938v01,d174,"852.00/8164: Telegram The Counselor of Embassy in Spain ( Thurston ) to the Secretary of State Barcelona , June 28, 1938—3 p.m. [Received 6 p.m.] 989. I requested Del Vayo this morning (an appointment yesterday had been canceled) to inform me with respect to the reports currently",frus1938v01,d194,"852.00/8387: Telegram The Counselor of Embassy in Spain ( Thurston ) to the Secretary of State Mataro , August 23, 1938—5 p.m. [Received August 23—5 p.m.] 1034. Paragraph 3 of my 1022, August 14. Señor Del Vayo informed me this morning that in view of the negative nature of Franc",,
58,interwar,frus1938v01,d685,"760F.62/1193½ Memorandum by the Secretary of State to President Roosevelt Photostatic copy obtained from the Franklin D. Roosevelt Library, Hyde Park, N. Y. Washington , October 1, 1938 . The attached confidential memorandum, handed to me by Mr. Messersmith on September 29th, whi",frus1938v01,d7,"762.63/489½ Memorandum by the Assistant Secretary of State ( Messersmith ) to the Secretary of State Transmitted to President Roosevelt by the Secretary of State; photostatic copy obtained from the Franklin D. Roosevelt Library, Hyde Park, N. Y. [ Washington ,] February 18, 1938 ",,
59,interwar,frus1938v01,d252,"852.2221/755: Telegram The Secretary of State to the Consul at Seville ( Bay ) Washington , March 26, 1938—4 p.m. 11. Your telegram No. 15 of March 22, noon. In view of statement by General Queipo de Llano that a considerable number of Americans were captured recently by forces o",frus1938v01,d262,"852.2221/823: Telegram The Secretary of State to the Consul at Seville ( Bay ) Washington , May 9, 1938—7 p.m. 19. Your despatches Nos. 220 and 223 of April 2 and April 16, 1938, Neither printed. regarding American citizens captured by Franco forces while serving with Spanish Gov",,
60,interwar,frus1938v01,d463,"863.00/1485: Telegram The Ambassador in the United Kingdom ( Kennedy ) to the Secretary of State London , March 15, 1938—6 p.m. [Received March 15—3:25 p.m.] 217. The Prime Minister’s speech For text of speech, see Documents on British Foreign Policy, 1919–1939 , 3d ser., vol. i ",frus1938v01,d418,"762.63/454: Telegram The Chargé in Germany ( Gilbert ) to the Secretary of State Berlin , February 18, 1938—7 p.m. [Received February 18—4:25 p.m.] 63. The British Counselor discussed with me this morning the British Embassy’s views on the Austrian development and brought me up t",,
61,interwar,frus1938v01,d540,"760F.62/607: Telegram The Ambassador in France ( Bullitt ) to the Secretary of State Paris , August 26, 1938—midnight . [Received August 27—10:25 a.m.] 1355. I discussed the general situation with Bonnet this afternoon. He had been most impressed by the conversations of the Germa",frus1938v01,d572,"760F.62/799 The Ambassador in France ( Bullitt ) to the Secretary of State Paris , September 14, 1938—1 p.m. [Received 2:10 p.m.] 1454. As I told you over the telephone last night Daladier called Chamberlain on the telephone yesterday and proposed to him that the British and Fren",,
62,interwar,frus1938v01,d297,"352.115 Anderson, Clayton and Co./66 The Counselor of Embassy in Spain ( Thurston ) to the Secretary of State No. 448 San Andrés de Llavaneras , July 16, 1938 . [Received August 2.] Sir : I have the honor to refer to the Department’s instruction number 523 (File No. 352.115 Ander",frus1938v01,d281,"352.115 Anderson, Clayton and Co./64 The Secretary of State to the Counselor of Embassy in Spain ( Thurston ) No. 523 Washington , June 16, 1938 . Sir : The Department refers to its instruction no. 489 of November 22, 1937 Foreign Relations , 1937, vol. i , p. 557 . and your repl",,
63,interwar,frus1938v01,d805,"840.48 Refugees/929a: Telegram The Secretary of State to the Ambassador in the United Kingdom ( Kennedy ) Washington , November 18, 1938 . 710. For Rublee. The Secretary today made the following announcement at his press conference: “The President has asked Mr. Myron Taylor to go",frus1938v01,d806,"840.48 Refugees/921a: Telegram The Secretary of State to the Ambassador in the United Kingdom ( Kennedy ) Washington , November 18, 1938—7 p.m. 713. For Rublee. Department’s 710, November 18. In view of the urgent need for action to meet the situation created by last week’s devel",,
64,interwar,frus1938v01,d499,"760F.62/238: Telegram The Ambassador in Germany ( Wilson ) to the Secretary of State Berlin , May 6, 1938—7 p.m. [Received May 6—4:30 p.m.] 226. With reference to the Embassy’s telegram No. 223, May 5, 4 p.m., Not printed. the French Embassy confirms that France and Great Britain",frus1938v01,d508,"760F.62/285: Telegram The Ambassador in Germany ( Wilson ) to the Secretary of State Berlin , May 21, 1938—6 p.m. [Received May 21—3:20 p.m.] 260. I am sending (my 259, May 21, 1 p.m. Not printed. ) a telegram describing this morning’s press concerning incidents in Czechoslovakia",,
65,interwar,frus1938v01,d815,"840.48 Refugees/991a: Telegram The Acting Secretary of State to the Ambassador in the United Kingdom ( Kennedy ) Washington , November 26, 1938—4 p.m. 727. For Rublee. Department’s 720, November 23, 6 p.m. Not printed; see footnote 62, p. 836 . The substance of the replies so far",frus1938v01,d821,"840.48 Refugees/1018: Telegram The Acting Secretary of State to the Ambassador in the United Kingdom ( Kennedy ) Washington , December 1, 1938—8 p.m. 741. Department’s 720, November 23, 6 p.m. A formal reply has been received from the Argentine Government. Telegram No. 319, undat",,
66,interwar,frus1938v01,d170,"852.00/8121: Telegram The Ambassador in Italy ( Phillips ) to the Secretary of State Rome , June 20, 1938—6 p.m. [Received June 20—3:35 p.m.] 153. My No. 144, June 13, 7 p.m. Not printed. Lord Perth informed me yesterday that he had received instructions again to take up with Cou",frus1938v01,d177,"852.00/8185: Telegram The Ambassador in Italy ( Phillips ) to the Secretary of State Rome , July 5, 1938—11 a.m. [Received July 5—9:14 a.m.] 165. Embassy’s 160, June 29, noon. The British Ambassador told me last night that his conversation with Count Ciano on Saturday had been ra",,
67,interwar,frus1938v01,d722,"840.48 Refugees/315: Telegram The Secretary of State to the Ambassador in the United Kingdom ( Kennedy ) Washington , June 2, 1938—7 p.m. 249. Your 472, June 1, 7 p.m. You may inform the Foreign Office that the French Government has agreed to make the necessary arrangements for t",frus1938v01,d721,"840.48 Refugees/315: Telegram The Ambassador in the United Kingdom ( Kennedy ) to the Secretary of State London , June 1, 1938—7 p.m. [Received June 1—3:15 p.m.] 472. My 433, May 31 [ 21 ], 2 p.m. Not printed. The Foreign Office states that it would appreciate being informed if p",,
68,cold-war,frus1948v06,d251,"501. BC Indonesia/9–1348: Telegram The Secretary of State to the Consulate General at Batavia confidential us urgent Washington , September 13, 1948—3 p. m. 415. Usgoc 138. Dept requested US Chiefs Missions Canberra Brussels Sept 10 approach FonOffs Australia, Belgium respectivel",frus1948v06,d236,"501. BC Indonesia/9–248: Telegram The Consul General at Batavia ( Livengood ) to the Secretary of State secret us urgent niact Batavia , September 2, 1948—5 p. m. 747. Gocus 365. Deptel 394, August 31 to Batavia. US Delegation will forward its considered views to Department on Se",,
69,cold-war,frus1948v06,d507,"894.00/2–2748 The Acting Political Adviser in Japan ( Sebald ) to the Secretary of State restricted No. 127 Tokyo , February 27, 1948 . [Received March 9.] Sir : I have the honor to refer to the Foreign Service Regulations and to enclose copies of a letter dated February 24, 1948",frus1948v06,d519,"740.00119 Control (Japan)/3–2548 Report by the Director of the Policy Planning Staff ( Kennan ) top secret [ Washington ,] March 25, 1948 . PPS 28 Recommendations With Respect to U.S. Policy Toward Japan A table of contents listed as follows: “I. Recommendations [;] II. Memoranda",,
70,cold-war,frus1948v06,d742,"501.BB Korea/2–1848: Telegram The Acting Political Adviser in Korea ( Langdon ) to the Secretary of State priority Seoul , February 18, 1948 . 96. Pol 1638. From Mitchell for Schuler. Frank A. Schuler, Jr., Associate Chief of Area Division V (Occupied Areas). Following is stateme",frus1948v06,d723,"501.BB Korea/2–948: Telegram The Political Adviser in Korea ( Jacobs ) to the Secretary of State restricted Seoul , February 9, 1948 . 66. Cite Zpol 1284. For such value as it may have in persuading political leaders in hiding to appear before UN Commission, General Hodge issued ",,
71,cold-war,frus1948v06,d838,"501.BB Korea/7–1648: Telegram The Political Adviser in Korea ( Jacobs ) to the Secretary of State secret urgent Seoul , July 16, 1948 . 562. Cite Zpol 1087. Following are my comments in response to instructions contained Deptel 231, July 12: Not printed; it asked for comments on ",frus1948v06,d849,"501.BB Korea/7–2448: Telegram The Political Adviser in Korea ( Jacobs ) to the Secretary of State secret us urgent Seoul , July 24, 1948 . 594. Cite Zpol 1134. Reference Deptel 250, July 21, See footnote 1, p. 1249 . my comments on USUN proposals correlated with information conta",,
72,cold-war,frus1948v06,d382,"501. BC Indonesia/11–2648: Telegram The Consul General at Batavia ( Livengood ) to the Secretary of State secret Batavia , November 26, 1948—5 p. m. 1031. Gocus 458. Today 11:30 a. m. received Darmasetiawan, Supomo and Sudjono. Gave them list of 3 delegates and 14 advisors and se",frus1948v06,d349,"501. BC Indonesia/11–248: Telegram The Consul General at Batavia ( Livengood ) to the Secretary of State secret us urgent Batavia , November 2, 1948—11 p. m. 968. Gocus 428. Reference paragraph 8 Gocus 425. Telegram 962, November 1, p. 446 . Schuurman discussed with me 5:30 p. m.",,
73,cold-war,frus1948v06,d726,"895.00/2–1048: Telegram The Political Adviser in Korea ( Jacobs ) to the Secretary of State confidential Seoul , February 10, 1948 . 72. Cite Zpol 167. In recent conversation with someone whom he is believed to trust, Kim Koo expressed his views as follows: 1. Attitude toward oth",frus1948v06,d727,"895.00/2–1048: Telegram The Political Adviser in Korea ( Jacobs ) to the Secretary of State confidential Seoul , February 10, 1948 . 73. Cite Zpol 168. In recent conversation with two persons whom he is believed to trust, Kimm Kiusic has stated his present views as follows: 1. Rh",,
74,cold-war,frus1948v06,d201,"501. BC Indonesia/6–3048: Telegram The Consul General at Batavia ( Livengood ) to the Secretary of State Batavia , June 30, 1948 . 575. Gocus 326. Following telegram sent SC by GOC : [For text of telegram, June 29, see SC , 3rd yr., Suppl. (July), page 11 (document S/858).] In st",frus1948v06,d142,"501. BC Indonesia/5–2848: Telegram The Consul General at Batavia ( Livengood ) to the Secretary of State restricted Batavia , May 28, 1948—5 p. m. [Received May 31—7:11 a. m.] 439. Gocus 283. Netherlands delegation replied GOC letter on Bandung Conference by letter dated May 26 s",,
75,cold-war,frus1948v06,d571,"740.00119 Control (Japan)/7–1648 The Acting Poliitical Adviser in Japan ( Sebald ) to the Secretary of State No. 447 Tokyo , July 16, 1948 . [Received July 26.] Sir : I have the honor to enclose Enclosures not printed. five copies of a general order issued by General Headquarters",frus1948v06,d579,"740.00119 Control (Japan)/9–1448 The Acting Political Adviser in Japan ( Sebald ) to the Secretary of State No. 609 Tokyo , September 14, 1948 . [Received September 22.] The Acting Political Adviser has the honor to refer to this Mission’s despatch No. 447 of July 16, 1948 and to",,
76,cold-war,frus1948v06,d255,"856e.01/9–1448: Telegram The Secretary of State to the Embassy in the Netherlands secret Washington , September 14, 1948—6 p. m. 443. Van Kleffens called upon Lovett Sept 14 on subject Indonesia. He stated decision taken by Neth Cabinet send Stikker and Blom Wash Thurs this week ",frus1948v06,d311,"856d.00/10–848: Telegram The Acting Secretary of State to the Embassy in the Netherlands Repeated as 484 to Batavia. secret niact Washington , October 9, 1948—1 p. m. 503. Statements FonMin contained ur 674 Oct 8, 4 pm, seem illogical and contradictory. Make early opportunity rei",,
77,cold-war,frus1948v06,d140,"501. BC Indonesia/5–2148: Telegram The Acting Secretary of State to the Consulate General at Batavia secret Washington , May 27, 1948—7 p. m. 224. Usgoc 101. Dept favorably impressed analysis situation and proposed program set forth Gocus 275, May 21 and commends your initiative ",frus1948v06,d60,"501. BC Indonesia/1–2348: Telegram The Acting Secretary of State to the Consulate General at Batavia confidential us urgent Washington , January 23, 1948—4 p. m. 26. No. 51 for Graham. Dept seriously concerned over differences arising ( urtel 108 Jan 21, Congentel 68 Jan 22 Latte",,
78,cold-war,frus1948v06,d197,"501. BC Indonesia/6–2548: Telegram The Secretary of State to the Consulate General at Batavia confidential us urgent Washington , June 25, 1948—2 p. m. 293. Usgoc 118. Following are pertinent portions letter addressed to Lovett by Van Kleffens June 22: [For text, see page 260 .] ",frus1948v06,d179,"501. BC Indonesia/6–1648: Telegram The Secretary of State to the Consulate General at Batavia secret us urgent niact Washington , June 16, 1948—7 p. m. 265. Usgoc 109. As indicated in Deptel 260 June 14, Dept desires Van Mook-Hatta talks be as productive as possible. However Dept",,
79,cold-war,frus1948v06,d335,"501. BC Indonesia/10–2048: Telegram The Consul General at Batavia ( Livengood ) to the Secretary of State secret us urgent niact Batavia , October 20, 1948—8 p. m. 935. Gocus 416. Have consulted Critchley and GOC chairman Herremans again regarding question GOC telegram dated Octo",frus1948v06,d323,"501. BC Indonesia/10–1248: Telegram The Consul General at Batavia ( Livengood ) to the Secretary of State Repeated in telegram Gadel 183, October 12, 7 p. m., to Paris (for Rusk and Bancroft). secret niact Batavia , October 12, 1948—10 p. m. [Received October 12—12:17 p. m.] 906.",,
80,cold-war,frus1948v06,d32,"890.00B/9–2248: Telegram The Acting Secretary of State to the Consulate General at Saigon Washington , September 22, 1948—6. p. m. 149. Text statement Dept spokesman Sept 16 response pertinent questions[:] “Dept has watched closely rapid increase of Communist activity which has t",frus1948v06,d15,"851g.01/6–2248: Telegram The Secretary of State to the Embassy in China Paragraphs 1 and 2 repeated in telegram 109, July 7, 2 p. m., to Saigon, in response to inquiries made at the request of the Chinese Foreign Office. secret Washington , July 2, 1948—5 p. m. 974. ReEmbtel 1116",,
81,cold-war,frus1948v06,d554,"740.00119 Control (Japan)/6–148: Airgram The Acting Political Adviser in Japan ( Sebald ) to the Secretary of State secret Tokyo , June 1, 1948 . [Received June 9—8:05 a. m.] A–114. During the course of an informal conversation with Sir Alvary Gascoigne, Head of the United Kingdo",frus1948v06,d567,"740.00119 Control (Japan)/6–2648 The Acting Political Adviser in Japan ( Sebald ) to the Chief of the Division of Northeast Asian Affairs ( Allison ) secret personal Tokyo , June 26, 1948 . Dear John : As you are no doubt aware, the Allied Council for Japan appears to be slowly d",,
82,cold-war,frus1948v06,d446,"856d.00/12–2048 Memorandum of Conversation, by the Acting Secretary of State confidential [ Washington ,] December 20, 1948 . Participants: Mr. Norman J. O. Makin, Australian Ambassador Mr. R. L. Harry, First Secretary of the Australian Embassy Mr. Robert A. Lovett, Acting Secret",frus1948v06,d279,"856e.01/9–2348 Memorandum of Conversation, by the Director of the Office of Far Eastern Affairs ( Butterworth ) confidential [ Washington ,] September 23, 1948 . Participants: The Honorable Norman J. O. Makin, Australian Ambassador; Mr. R. L. Harry, First Secretary, Australian Em",,
83,cold-war,frus1948v06,d734,"501.BB Korea/2–1348: Telegram The Political Adviser in Korea ( Jacobs ) to the Secretary of State confidential Seoul , February 13, 1948 . 83. Cite Zpol 180. Learned this morning UN Commission after rather heated debate with Jackson and Djabi on one side and Liu and Paul-Boncour ",frus1948v06,d719,"501.BB Korea/2–548: Telegram The Political Adviser in Korea ( Jacobs ) to the Secretary of State confidential Seoul , February 5, 1948 . 55. Cite Zpol 134. At plenary session today Jackson (Australia) swung commissioners around to following viewpoint (except for China, Salvador a",,
84,cold-war,frus1948v06,d819,"501.BB Korea/6–1748: Telegram The Secretary of State to the Embassy in India secret Washington , June 22, 1948—5 p. m. 386. Availing yourself of FonMin’s request for advice concerning trend of US policy on Korean problem ( urtel 487 June 17 Not printed. ) you are requested to inf",frus1948v06,d829,"501.BB Korea/7–1048: Circular telegram The Secretary of State to Certain Diplomatic and Consular Officers Abroad secret priority Washington , July 10, 1948—1 a. m. Following represents current thinking of Dept with respect to problem of recognition of Korean Govt expected to be f",,
85,cold-war,frus1948v06,d802,"501.BB Korea/5–348 The Under Secretary of State ( Lovett ) to the Under Secretary of the Army ( Draper ) top secret Washington , May 19, 1948 . My Dear Mr. Draper : I have received your letter of May 3, 1948 in which you state that recent developments regarding the implementation",frus1948v06,d793,"501.BB Korea/5–348 The Under Secretary of the Army ( Draper ) to the Under Secretary of State ( Lovett ) top secret Washington , 3 May 1948 . Dear Mr. Lovett : Recent developments regarding the implementation of the United Nations resolution on Korea are of some concern to the De",,
86,cold-war,frus1948v06,d387,"501. BC Indonesia/12–248: Telegram The Acting Secretary of State to the Consulate General at Batavia confidential Washington , December 2, 1948—3 p. m. 604. Usgoc 210. Thamboe called Dept Nov 30 apparently feeling present situation called for full statement necessity exertion max",frus1948v06,d416,"501. BC Indonesia/12–1448: Telegram The Acting Secretary of State to the Consulate General at Batavia Repeated as 625 to The Hague and as 4782 to Paris (for Jessup). secret Washington , December 14, 1948—6 p. m. 651. Usgoc 239. Counselor Brit Emb called Dept Dec 13 to express his",,
87,cold-war,frus1948v06,d517,"694.0031/3–2348: Telegram The Acting Political Adviser in Japan ( Sebald ) to the Secretary of State confidential priority Tokyo , March 23, 1948 . 70. Cite C–59441. Kennan for Lovett: On this last day of my visit in Tokyo, Under Secretary Draper has brought to my attention the p",frus1948v06,d519,"740.00119 Control (Japan)/3–2548 Report by the Director of the Policy Planning Staff ( Kennan ) top secret [ Washington ,] March 25, 1948 . PPS 28 Recommendations With Respect to U.S. Policy Toward Japan A table of contents listed as follows: “I. Recommendations [;] II. Memoranda",,
88,cold-war,frus1948v06,d894,"740.00119 Control (Korea)/9–1948: Telegram The Chargé in the Soviet Union ( Kohler ) to the Secretary of State Repeated in telegram 36, September 21, 6 p. m., to Seoul; relayed to both Paris and Seoul, September 24, 4:30 p. m. restricted us urgent Moscow , September 19, 1948—7 p.",frus1948v06,d896,"740.00119 Control (Korea)/9–2048: Telegram The Acting Secretary of State to the Special Representative in Korea ( Muccio ) priority Washington , September 20, 1948—7 p. m. 35. Fol press statement issued today by Dept response questions re attitude toward announced Soviet decision",,
89,cold-war,frus1948v06,d429,"501. BC Indonesia/12–1848: Telegram The Consul General at Batavia ( Livengood ) to the Secretary of State secret us urgent niact Batavia , December 18, 1948—11 a. m. [Received December 18—10:02 a. m.] 1107. Gocus 492.1 delivered to Schuurman December 18, 9:40 a. m., following let",frus1948v06,d408,"501. BC Indonesia/12–1148: Telegram The Consul General at Batavia ( Livengood ) to the Secretary of State Repeated in telegram 622, December 13, 8 p. m., to The Hague. secret us urgent niact Batavia , December 11, 1948—3 p. m. 1082. Gocus 479. Following text Netherlands Delegatio",,
90,cold-war,frus1948v06,d728,"501.BB Korea/2–1248: Telegram The Ambassador in China ( Stuart ) to the Secretary of State secret Nanking , February 12, 1948—noon. 286. ReDeptel 208, February 9, 1 p. m. Same as telegram 36 to Canberra, p. 1098 . Information reaching Foreign Office from its representative on Kor",frus1948v06,d837,"501.BB Korea/6–1548: Telegram The Ambassador in China ( Stuart ) to the Secretary of State Sent as 253, July 21, 5 p. m., to Seoul. secret us urgent Nanking , July 15, 1948—2 p. m. 1296. Reference Embtel 1209, July 2, 2 p. m. Not printed. Foreign Minister Dr. Wang Shih-chieh. has",,
91,cold-war,frus1948v06,d415,"501. BC Indonesia/12–1448: Telegram The Acting Secretary of State to the Consulate General at Batavia Repeated in telegram 631, December 15, 7 p. m., to The Hague. secret Washington , December 14, 1948—6 p. m. 650. Usgoc 238. Dept considers Hatta letter contained Gocus 484 Telegr",frus1948v06,d425,"501. BC Indonesia/12–1648: Telegram The Acting Secretary of State to the Consulate General at Batavia secret us urgent niact Washington , December 16, 1948—8 p. m. 663. Usgoc 247. Director of FE and Deputy Director UNA called in Counselor Netherlands Embassy this afternoon to exp",,
92,cold-war,frus1948v06,d18,"851g.01/7–948: Telegram The Ambassador in France ( Caffery ) to the Secretary of State top secret Paris , July 9, 1948—7 p. m. 3621. From Wallner: ReDeptel 2466, July 3. Officials with whom we have talked in the Foreign Office and Ministry of Colonies recognize (intellectually bu",frus1948v06,d23,"851g.00/8–548: Telegram The Ambassador in France ( Caffery ) to the Secretary of State secret Paris , August 5, 1948—8 p. m. 4034. Deptel 2891, July 29. Bollaert is of opinion that President French Union may legally ratify Baie d’Along agreements but that change in status Cochinc",,
93,cold-war,frus1948v06,d213,"501. BC Indonesia/7–1948: Telegram The Secretary of State to the Embassy in Pakistan restricted Washington , July 23, 1948—8 p. m. 287. Urtel 378–A, July 19. Not printed. Pls advise MinFonAff in manner you consider appropriate Dept’s position in respect present situation Indonesi",frus1948v06,d212,"501. BC Indonesia/7–2348: Telegram The Secretary of State to the Consulate General at Batavia Repeated in telegram 342, July 26, 5 p. m., to The Hague. secret us urgent niact Washington , July 23, 1948—7 p. m. 347. Usgoc 125. Aneta reports that Rep has broken off negotiations bef",,
94,cold-war,frus1948v06,d459,"501. BC Indonesia/12–2548: Telegram The Chargé in the United Kingdom ( Holmes ) to the Secretary of State Repeated in telegram 703, December 29, 1 p. m., to Batavia ( Usgoc 266) and 4960 to Paris (for Jessup). secret London , December 25, 1948—3 p. m. 5370. From Dickover: Erie R.",frus1948v06,d460,"501. BC Indonesia/12–2648: Telegram The Ambassador in the Netherlands ( Baruch ) to the Secretary of State secret us urgent niact The Hague , December 26, 1948—6 p. m. 909. British colleague Sir Philip Nichols, British Ambassador. cooperating fully and Stikker has outlined to him",,
95,cold-war,frus1948v06,d453,"501. BC Indonesia/12–2348: Telegram The Acting Secretary of State to the Acting United States Representative at the United Nations ( Jessup ) at Paris Repeated in telegrams 701, December 28, 3 p. m., to Batavia, and 286, December 28, 8 p. m., to Canberra. top secret us urgent nia",frus1948v06,d421,"501. BC Indonesia/12–1548: Telegram The Acting Secretary of State to the Acting United States Representative at the United Nations ( Jessup ) at Paris secret us urgent niact Washington , December 15, 1948—6 p. m. 4806. For Jessup: We would much prefer that SC not consider Indones",,
96,cold-war,frus1948v06,d645,"740.00119 PW/3–1048 The Under Secretary of the Army ( Draper ) to Mr. Frank G. Wisner , Deputy to the Assistant Secretary of State for Occupied Areas ( Saltzman ) secret Washington , 10 March 1948 . Dear Mr. Wisner : Reference is made to a letter from Mr. Saltzman bearing the dat",frus1948v06,d566,"740.00119 Control (Japan)/6–2348 Mr. Frank G. Wisner, Deputy to the Assistant Secretary of State for Occupied Areas ( Saltzman ), to the Under Secretary of the Army ( Draper ) confidential Washington , June 23, 1948 . Dear Mr. Draper : The policy paper on Japan May 26, p. 775 . w",,
97,cold-war,frus1948v06,d271,"856e.00/9–2048: Telegram The Consul General at Batavia ( Livengood ) to the Secretary of State confidential Batavia , September 20, 1948—11 p. m. 811. Abbey returned overland from Republican territory this evening. He reports that immediately after Muso coup at Madiun there was g",frus1948v06,d268,"856e.01/9–2048: Telegram The Consul General at Batavia ( Livengood ) to the Secretary of State us urgent Batavia , September 20, 1948 . [Received September 20—11:04 a. m.] 806. Muso and Communist Party have seized power in Madiun and established there a so-called Soviet Governmen",,
98,cold-war,frus1948v06,d431,"856d.00/12–1848: Telegram The Chargé in the Netherlands ( Steere ) to the Secretary of State Repeated to Paris (for Jessup) the same day. secret most immediate niact The Hague , December 18, 1948—8 [ 3 ] p. m. [Received December 18—11:48 a. m.] 873. Stikker announced at meeting s",frus1948v06,d422,"856d.00/12–1648: Telegram The Chargé in the Netherlands ( Steere ) to the Secretary of State secret priority niact The Hague , December 16, 1948—1 a. m. 859. In a brief talk with Stikker tonight I stated my impression that the American Government was in complete sympathy with the",,
99,cold-war,frus1948v06,d797,"740.00119 Control (Korea)/5–1148 Memorandum by the Director of the Office of Far Eastern Affairs ( Butterworth ) to the Secretary of State and the Under Secretary of State ( Lovett ) Initialed by the Secretary of State and the Under Secretary of State. top secret [ Washington ,] ",frus1948v06,d865,"501.BB Korea/8–1048: Telegram The Political Adviser in Korea ( Jacobs ) to the Secretary of State confidential priority Seoul , August 10, 1948 . 644. Cite Zpol 1231. Reference PolAd’s 635, August 9, there is quoted below text of General Hodge’s reply (Tab “B”) to President Rhee’",,
100,cold-war,frus1948v06,d845,"501.BB Korea/7–1448: Telegram The Secretary of State to the Embassy in the Soviet Union secret priority Washington , July 21, 1948—11 a. m. 828. Dept appreciates urtel 1319 July 14, text of which has been rptd to US Missions in London and capitals of eight countries represented o",frus1948v06,d833,"501.BB Korea/7–1448: Telegram The Ambassador in the Soviet Union ( Smith ) to the Secretary of State secret Moscow , July 14, 1948—1 p. m. 1319. Reference recent Department airgrams concerning hesitation certain members UN Commission on Korea to agree to recognition recently elec",,
