band	volume	last_two_path_titles	docs
1861-1899	frus1872p2v1	Additional documents, correspondence, and evidence accompanying counter case of the United States / Correspondence.	189
1861-1899	frus1894app2	Message from the President of the United States, transmitting A report of the Secretary of State, with copies of the instructions given to Mr. Albert S. Willis, the representative of the United States now in the Hawaiian Islands, and also the correspondence since March 4, 1889, concerning the relations of this Government to those islands. / List of papers.	151
1861-1899	frus1894app1	VI. Affairs in the Samoan IslandsReprinted from Senate Ex. Doe. No. 93, 53d Cong., 2d sess.; Senate Ex. Doc. No. 132, 53d Cong., 2d sess., and Senate Ex. Doc. No. 97, 53d Cong., 3d sess. / Correspondence Between the Department of State and the German Embassy.	146
1861-1899	frus1894app1	VI. Affairs in the Samoan IslandsReprinted from Senate Ex. Doe. No. 93, 53d Cong., 2d sess.; Senate Ex. Doc. No. 132, 53d Cong., 2d sess., and Senate Ex. Doc. No. 97, 53d Cong., 3d sess. / Correspondence Communicated to Mr. Blaine by Sir J. Pauncefote, December 24, 1891.	136
1861-1899	frus1894app1	II. Enforcement of regulations respecting fur sealsPrinted also in Senate Ex. Doc. No. 67, Fifty-third Congress, third session.	118
1861-1899	frus1894app1	I. Chinese-Japanese war	106
1861-1899	frus1894Nicaragua	Affairs at Bluefields	103
1861-1899	frus1872p2v2	Correspondence respecting the Geneva arbitration and the proposed supplemental Article to the Treaty. / Correspondence respecting the Geneva arbitration.	97
1861-1899	frus1872p2v1	Additional documents, correspondence, and evidence accompanying counter case of the United States / [807] *Cuban correspondence, 1866–1871.	93
1861-1899	frus1894app1	III. Mosquito Territory, affairs at BluefieldsSee Senate Ex. Doc. No. 20, Fifty-third Congress, third session.	81
1861-1899	frus1894app1	IV. Claim of Antonio Maximo MoraReprinted from Sen. Ex. Doc. No. 175 Fifty-second Congress, first session; Sen. Ex. Doc. No. 115, Fifty-third Congress:, second session, and Sen. Ex. Doc. No. 10, Fifty-third Congress, third session.	65
1861-1899	frus1865p4	United States of America	59
1861-1899	frus1894app2	Message from the President of the United States on the Hawaiian question. / Index of instructions.	59
1861-1899	frus1872p2v5	I. Memorial on the Canal de Haro as the boundary line of the United States of America, presented in the name of the American government to His Majesty William I, German Emperor and King of Prussia, as arbitrator, by the American plenipotentiary, George Bancroft. / Appendix.	58
1861-1899	frus1896	South African Republic / Protection to American citizens in the Transvaal	50
1861-1899	frus1894app2	Appendix. / List of accompanying papers.	45
1861-1899	frus1894app2	List of Papers–Miscellaneous. / Part IV–Miscellaneous.	39
1861-1899	frus1888p2	Supplement C: Papers relating to the seizure of British sealing-vessels in Behring Sea / Papers relating to the seizure of British sealing-vessels in Bering Sea.	37
1861-1899	frus1894app2	List of statements and interviews. / interviews arranged alphabetically.	36
1861-1899	frus1899	Samoa / Samoan affairs	35
1861-1899	frus1894app1	V. Import duties on certain products of Colombia, Haiti, and VenezuelaReprinted from Senate Ex. Doc. No. 56, Fifty-third Congress, second session.	34
1861-1899	frus1872p2v5	III. Reply of the United States to the case of the government of Her Britannic Majesty, presented to His Majesty the Emperor of Germany, as arbitrator, under the provisions of the Treaty of Washington, June 12, 1872. / Appendix to the reply.	32
1861-1899	frus1898	Miscellaneous / Entrance of neutral men-of-war into blockaded ports	25
1861-1899	frus1894app1	VI. Affairs in the Samoan IslandsReprinted from Senate Ex. Doe. No. 93, 53d Cong., 2d sess.; Senate Ex. Doc. No. 132, 53d Cong., 2d sess., and Senate Ex. Doc. No. 97, 53d Cong., 3d sess. / Correspondence Between the Department of State and the United States Embassy at Berlin.	24
1861-1899	frus1872p2v1	Additional documents, correspondence, and evidence accompanying counter case of the United States / [135] *Correspondence relative to the Hornet.	23
1861-1899	frus1864p1	Correspondence with Mr. Mason, commissioner of the so-styled Confederate States of America.—(In continuation of papers presented to Parliament in March, 1863.)	22
1861-1899	frus1872p2v5	V. Correspondence. / Correspondence.	22
1861-1899	frus1889	Samoan Affairs	22
1861-1899	frus1872p2v1	Additional documents, correspondence, and evidence accompanying counter case of the United States / [753] *Correspondence relative to the Spanish Gunboats at New York.	21
1861-1899	frus1894app2	list of papers—Correspondence. / Part I.—Correspondence.	21
1861-1899	frus1894app2	Senate Ex. Doc. No. 77, Fifty-second Congress, second session / Appendix.	18
1861-1899	frus1872p2v3	III. Supplementary statements or arguments made by the respective agents or counsel subsequently to filing the arguments according to the provisions of the treaty. / Contents.	16
1861-1899	frus1894app2	House Ex. Doc. No. 70, Fifty-third Congress, second session / Message from the President of the United States, transmitting Certain further information relating to the Hawaiian Islands.	15
1861-1899	frus1872p2v2	[i] *Counter Case presented on the part of the government of Her Britannic Majesty to the tribunal of arbitration constituted under Article I of the treaty concluded at Washington on the 8th May, 1871, between Her Britannic Majesty and the United States of America. / Part I.	14
1861-1899	frus1872p2v3	I. Argument of the United States, delivered to the tribunal of arbitration at Geneva, June 15, 1872.	14
1861-1899	frus1873p2v3	Report of Robert S. Hale, Esq., agent and counsel of the United States before the Commission on Claims of citizens of the United States against Great Britain and of subjects of Her Britannic Majesty against the United States, under the twelfth article of the treaty of 8th May, 1871, between the United States and Great Britain. / Appendix.	14
1861-1899	frus1895p2	NetherlandsReprinted from Senate Ex. Doc. No. 58, Fifty-third Congress, third session. / Salt and sugar duties	14
1861-1899	frus1872p2v1	Additional documents, correspondence, and evidence accompanying counter case of the United States / Copies of all orders and instructions given to the commanding officers of the several vessels dispatched to the vicinity of Round Island, &c.	13
1861-1899	frus1864p1	Correspondence respecting the removal of British consuls from the so-styled Confederate States of America.	12
1861-1899	frus1872p2v1	Additional documents, correspondence, and evidence accompanying counter case of the United States / [713] *Correspondence relative to the Monitors Catawba and Oneota, at New Orleans.	12
1861-1899	frus1872p1	Proclamations, etc.	10
1861-1899	frus1872p2v1	Case presented on the part of the government of Her Britannic Majesty to the tribunal of arbitration, constituted under Article 1 of the treaty concluded at Washington on the 8th May, 1871, between Her Britannic Majesty and the United States of America.	10
1861-1899	frus1872p2v2	The American commissioners and the statement of Sir Stafford Northcoteat Exeter, in relation to an alleged promise of exclusion of the indirect claims of the United State. / Sir Stafford Northcote’s declaration.	10
1861-1899	frus1872p2v2	[517, 518] Additional memoranda touching neutrality laws and the execution thereof in countries other than the United States and Great Britain. / [586] *No. XII. — Brazil.	10
1861-1899	frus1872p2v5	IV. Northwest American water boundary. Second and definitive statement on behalf of the government of Her Britannic Majesty, submitted to His Majesty the Emperor of Germany, under the Treaty of Washington of May 8, 1871. / *Appendix.[xxxiii]	10
1861-1899	frus1879	Circulars.	10
1861-1899	frus1894app1	VI. Affairs in the Samoan IslandsReprinted from Senate Ex. Doe. No. 93, 53d Cong., 2d sess.; Senate Ex. Doc. No. 132, 53d Cong., 2d sess., and Senate Ex. Doc. No. 97, 53d Cong., 3d sess. / Correspondence Between the Department of State and the United States Embassy at London.	10
1861-1899	frus1894app2	Message from the President of the United States, transmitting A treaty of annexation concluded on the 14th day of February, 1893, between the United States and the Provisional Government of the Hawaiian Islands. / List of accompanying documents.	10
1861-1899	frus1872p2v2	Remainder of papers accompanying the Counter Case of the United States / Case of the Meteor and Oriental.	8
1861-1899	frus1865p4	Hanseatic Republics	7
1861-1899	frus1870	III. Correspondence in relation to the condition of the commercial relations between the United States and the Spanish American States and Brazil. / [Correspondence in relation to the condition of the commercial relations between the United States and the Spanish American States and Brazil.]	7
1861-1899	frus1873p2v3	Confidential memorandum for the use of the commissioners on the part of the United States in the American-British Joint High Commission, Washington, 1871. / VII.–Claims of British subjects against the United States for losses and injuries “arising out of acts committed during the recent civil war in the United States.”	7
1861-1899	frus1888p2	Circulars	7
1861-1899	frus1864p1	Further correspondence respecting the enlistment of British seamen at Queenstown on board the United States ship-of-war Kearsarge.	6
1861-1899	frus1864p3	Correspondence. / Correspondence with the Netherlands legation in the United States.	6
1861-1899	frus1872p2v1	The case of the United States, laid before the tribunal of arbitration, convened at Geneva, under the provisions of the treaty between the United States of America and her Majesty the Queen of Great Britain, concluded at Washington, May 8, 1871.	6
1861-1899	frus1872p2v2	Instructions to the agent and counsel, and proceedings at Geneva in December, 1871, and April, 1872. / Instructions.	6
1861-1899	frus1894app2	Message from the President of the United States, submitting Dispatches and accompanying documents from the United States minister at Hawaii, relative to the lease to Great Britain of an island as a station for a submarine telegraph cable. / List of papers.	6
1861-1899	frus1863p2	Selections from consular correspondence. / Hanseatic and free cities.	5
1861-1899	frus1871	Circulars	5
1861-1899	frus1872p2v1	Additional documents, correspondence, and evidence accompanying counter case of the United States / [737] *Correspondence relative to the Florida, at Philadelphia.	5
1861-1899	frus1872p2v2	Remainder of papers accompanying the Counter Case of the United States / [625] *Memoranda as to the Miranda expedition.	5
1861-1899	frus1878	Circulars.	5
1861-1899	frus1880	Circulars	5
1861-1899	frus1894app1	VI. Affairs in the Samoan IslandsReprinted from Senate Ex. Doe. No. 93, 53d Cong., 2d sess.; Senate Ex. Doc. No. 132, 53d Cong., 2d sess., and Senate Ex. Doc. No. 97, 53d Cong., 3d sess. / Correspondence Between the Department of State and the British Embassy.	5
1861-1899	frus1894app2	House Ex. Doc. No. 282, Fifty-third Congress, third session / Message from the President of the United States, in response to House resolution of February 1, 1895, calling for certain information touching the recent insurrection in the Hawaiian Islands.	5
1861-1899	frus1894app2	List of statements and interviews. / Part III–Interviews and Statements.	5
1861-1899	frus1894app2	Senate Ex. Doc. No. 46, Fifty-third Congress, second session / Message from the President of the United States in answer to the Senate resolution of February 16, 1894, and transmitting copies of additional dispatches, and exhibits thereto, relating to Hawaii.	5
1861-1899	frus1872p2v3	I. Argument of the United States, delivered to the tribunal of arbitration at Geneva, June 15, 1872. / Appendix.	4
1861-1899	frus1872p2v3	II. Argument or summary showing the points and referring to the evidence relied upon by the government of Her Britannic Majesty in answer to the claims of the United States: Presented to the tribunal of arbitration constituted under Article I of the treaty concluded at Washington on the 8th May, 1871, between Her Britannic Majesty and the United States of America.	4
1861-1899	frus1873p2v3	Confidential memorandum for the use of the commissioners on the part of the United States in the American-British Joint High Commission, Washington, 1871. / VI.—The claims of the United States against Great Britain on account of acts committed by rebel cruisers.	4
1861-1899	frus1877	Circulars.	4
1861-1899	frus1885	Congo	4
1861-1899	frus1894	Hawaiian Republic.The correspondence respecting affairs in Hawaii during 1894 will be found in the appendix to Foreign Relations, 1894. / Recognition of Hawaiian Republic	4
1861-1899	frus1894app2	House Ex. Doc. No. 79, Fifty-third Congress, second session / Message from the President of the United States, transmitting further correspondence relating to the Hawaiian Islands.	4
1861-1899	frus1894app2	List of Affidavits. / Part II—Affidavits.	4
1861-1899	frus1896	Greater Republic of Central America / Recognition of the political union of Honduras, Nicaragua, and SalvadorSee also under Honduras and Nicaragua.	4
1861-1899	frus1897	Correspondence with Germany / Temporary performance by consular board of duties of president of municipal board.	4
1861-1899	frus1897	Correspondence with Great Britain / Criminal jurisdiction over men-of-war’s men.	4
1861-1899	frus1861	Correspondence / Circular	3
1861-1899	frus1865p3	Barbary states. / Tunis.	3
1861-1899	frus1872p2v5	II. Case of the government of Her Britannic Majesty, submitted to the arbitration and award of His Majesty the Emperor of Germany, in accordance with Article XXXIV of the treaty between Great Britain and the United States of America, signed at Washington, May 8, 1871. / *Appendix.	3
1861-1899	frus1873p2v3	IV.–Instructions to the British commissioners, reprinted from Blue-Book, “North America, No. 3, (1871.)” / IV.—Instructions to Her Majesty’s High Commissioners.	3
1861-1899	frus1887	Circulars	3
1861-1899	frus1894app2	House Ex. Doc. No. 112, Fifty-third Congress, second session / Message from the President of the United States, transmitting further correspondence relating to the Hawaiian Islands.	3
1861-1899	frus1894app2	President’s message relating to the Hawaiian Islands. / Message.	3
1861-1899	frus1894app2	Senate Ex. Doc. No. 77, Fifty-third Congress, second session / Message from the President of the United States, transmitting Dispatches received from the minister at Honolulu since March 19, 1894.	3
1861-1899	frus1897	Greater Republic of Central America / The Transportation of Central American troops and munitions of war in American vessels	3
1861-1899	frus1864p2	Correspondence. / Appendix.	2
1861-1899	frus1865p4	Duchy of Baden	2
1861-1899	frus1865p4	Würtemberg	2
1861-1899	frus1870	II. Correspondence relating to the proposed international gold coinage. / [Correspondence relating to the proposed international gold coinage.]	2
1861-1899	frus1872p2v2	Remainder of papers accompanying the Counter Case of the United States / [697] *Additional evidence from Melbourne and Cape Town, submitted to the arbitrators on the 15th of December, 1871, but not included in the evidence then printed.	2
1861-1899	frus1872p2v5	IV. Northwest American water boundary. Second and definitive statement on behalf of the government of Her Britannic Majesty, submitted to His Majesty the Emperor of Germany, under the Treaty of Washington of May 8, 1871. / Historical Note.—1818 to 1846.1Referred to in the Statement, page 2, par. 3.	2
1861-1899	frus1873p2v3	I.—Correspondence between Mr. Fish and Sir Edward Thornton, preliminary to negotiations. / I.—Correspondence between Mr. Fish and Sir Edward Thornton relative to the formation of a high commission.	2
1861-1899	frus1873p2v3	V.—Protocols of conferences between the American and British commissioners, held at Washington, between February 27 and May 6, 1871. / V.—Protocols of conferences.	2
1861-1899	frus1877app	Circulars	2
1861-1899	frus1888p2	Supplement B: Papers relating to the treaty of extradition, signed June 25, 1886, by the plenipotentiaries of the United States and Great Britain / Papers relating to the treaty of extradition, signed June 25, 1880, by the plenipotentiaries of the United States and Great Britain.	2
1861-1899	frus1894app2	House Ex. Doc. No. 256, Fifty-third Congress, second session / Message from the President of the United States, transmitting Dispatches from the U. S. minister at Honolulu.	2
1861-1899	frus1894app2	House Ex. Doc. No. 76, Fifty-third Congress, second session / Message from the President of the United States, transmitting further correspondence relating to the Hawaiian Islands.	2
1861-1899	frus1894app2	Senate Ex. Doc. No. 103, Fifty-third Congress, second session / Message from the President of the United States, transmitting A dispatch from the U. S. minister at Honolulu.	2
1861-1899	frus1894app2	Senate Ex. Doc. No. 117, Fifty-third Congress, second session / Message from the President of the United States, communicating Dispatches from the U. S. minister at Honolulu.	2
1861-1899	frus1896	Greater Republic of Central America / Arbitration of the boundary dispute between Nicaragua and Costa RicaSee also under “Costa Rica.”	2
1861-1899	frus1897	Correspondence with Germany / Criminal jurisdiction over men-of-war’s men.See also p. 456	2
1861-1899	frus1897	Correspondence with Germany / Preservation of records of land commission.	2
1861-1899	frus1897	Correspondence with Great Britain / Performance of duties of chief justice by consular board.	2
1861-1899	frus1897	Dominion Republic / Termination of treaty of friendship, commerce, and navigation	2
1861-1899	frus1863p2	Selections from consular correspondence. / Bavaria.	1
1861-1899	frus1864p4	Correspondence. / Supplement to correspondence with Great Britain.	1
1861-1899	frus1865p3	Barbary states. / Tangiers.	1
1861-1899	frus1865p4	Brunswick	1
1861-1899	frus1865p4	Duchy of Hesse Darmstadt	1
1861-1899	frus1865p4	Hayti [Haiti]	1
1861-1899	frus1865p4	Saxe-Meiningen	1
1861-1899	frus1865p4	Tunis	1
1861-1899	frus1871	Front Matter / Report of the Secretary of War	1
1861-1899	frus1872p2v2	Remainder of papers accompanying the Counter Case of the United States / [624] French passports to persons recruited in Rio for the French military service not viséd by the police here to prevent departure of such persons.	1
1861-1899	frus1872p2v2	[517, 518] Additional memoranda touching neutrality laws and the execution thereof in countries other than the United States and Great Britain. / No. X.—The Netherlands.	1
1861-1899	frus1872p2v2	[517, 518] Additional memoranda touching neutrality laws and the execution thereof in countries other than the United States and Great Britain. / [570] *No. IX.—Russia.	1
1861-1899	frus1872p2v4	I. Report of J.C. Bancroft Davis, agent of the United States / Report.	1
1861-1899	frus1872p2v4	II. Protocols of the conferences of the arbitrators / Protocol I.	1
1861-1899	frus1872p2v4	II. Protocols of the conferences of the arbitrators / Protocol II.	1
1861-1899	frus1872p2v4	II. Protocols of the conferences of the arbitrators / Protocol III.	1
1861-1899	frus1872p2v4	II. Protocols of the conferences of the arbitrators / Protocol IV.	1
1861-1899	frus1872p2v4	II. Protocols of the conferences of the arbitrators / Protocol IX.	1
1861-1899	frus1872p2v4	II. Protocols of the conferences of the arbitrators / Protocol V.	1
1861-1899	frus1872p2v4	II. Protocols of the conferences of the arbitrators / Protocol VI.	1
1861-1899	frus1872p2v4	II. Protocols of the conferences of the arbitrators / Protocol VII.	1
1861-1899	frus1872p2v4	II. Protocols of the conferences of the arbitrators / Protocol VIII.	1
1861-1899	frus1872p2v4	II. Protocols of the conferences of the arbitrators / Protocol X.	1
1861-1899	frus1872p2v4	II. Protocols of the conferences of the arbitrators / Protocol XI.	1
1861-1899	frus1872p2v4	II. Protocols of the conferences of the arbitrators / Protocol XII.	1
1861-1899	frus1872p2v4	II. Protocols of the conferences of the arbitrators / Protocol XIII.	1
1861-1899	frus1872p2v4	II. Protocols of the conferences of the arbitrators / Protocol XIV.	1
1861-1899	frus1872p2v4	II. Protocols of the conferences of the arbitrators / Protocol XIX.	1
1861-1899	frus1872p2v4	II. Protocols of the conferences of the arbitrators / Protocol XV.	1
1861-1899	frus1872p2v4	II. Protocols of the conferences of the arbitrators / Protocol XVI.	1
1861-1899	frus1872p2v4	II. Protocols of the conferences of the arbitrators / Protocol XVII.	1
1861-1899	frus1872p2v4	II. Protocols of the conferences of the arbitrators / Protocol XVIII.	1
1861-1899	frus1872p2v4	II. Protocols of the conferences of the arbitrators / Protocol XX.	1
1861-1899	frus1872p2v4	II. Protocols of the conferences of the arbitrators / Protocol XXI.	1
1861-1899	frus1872p2v4	II. Protocols of the conferences of the arbitrators / Protocol XXII.	1
1861-1899	frus1872p2v4	II. Protocols of the conferences of the arbitrators / Protocol XXIII.	1
1861-1899	frus1872p2v4	II. Protocols of the conferences of the arbitrators / Protocol XXIV.	1
1861-1899	frus1872p2v4	II. Protocols of the conferences of the arbitrators / Protocol XXIX.	1
1861-1899	frus1872p2v4	II. Protocols of the conferences of the arbitrators / Protocol XXV.	1
1861-1899	frus1872p2v4	II. Protocols of the conferences of the arbitrators / Protocol XXVI.	1
1861-1899	frus1872p2v4	II. Protocols of the conferences of the arbitrators / Protocol XXVII.	1
1861-1899	frus1872p2v4	II. Protocols of the conferences of the arbitrators / Protocol XXVIII.	1
1861-1899	frus1872p2v4	II. Protocols of the conferences of the arbitrators / Protocol XXX.	1
1861-1899	frus1872p2v4	II. Protocols of the conferences of the arbitrators / Protocol XXXI.	1
1861-1899	frus1872p2v4	II. Protocols of the conferences of the arbitrators / Protocol XXXII.	1
1861-1899	frus1872p2v4	IV. Opinions of the arbitrators / Opinions of Count Sclopis.	1
1861-1899	frus1872p2v4	IV. Opinions of the arbitrators / Opinions of Mr. Adams.	1
1861-1899	frus1872p2v4	IV. Opinions of the arbitrators / Opinions of Mr. Shæmpfli.	1
1861-1899	frus1872p2v4	IV. Opinions of the arbitrators / Opinions of Sir Alexander Cockburn.	1
1861-1899	frus1872p2v4	IV. Opinions of the arbitrators / Opinions of Viscount D’Itajuba.	1
1861-1899	frus1872p2v4	V. Reply of the Secretary of State, acknowledging the receipt of the report of the agent of the United States, and commenting upon the opinion of the arbitrator appointed by Her Britannic Majesty	1
1861-1899	frus1872p2v4	VII. Appendix: Opinions of statesmen, magazines, and journals of Great Britain and the continent on the construction of the treaty of Washington / I.	1
1861-1899	frus1872p2v4	VII. Appendix: Opinions of statesmen, magazines, and journals of Great Britain and the continent on the construction of the treaty of Washington / II.	1
1861-1899	frus1872p2v4	VII. Appendix: Opinions of statesmen, magazines, and journals of Great Britain and the continent on the construction of the treaty of Washington / III.	1
1861-1899	frus1872p2v4	VII. Appendix: Opinions of statesmen, magazines, and journals of Great Britain and the continent on the construction of the treaty of Washington / IV.	1
1861-1899	frus1872p2v4	VII. Appendix: Opinions of statesmen, magazines, and journals of Great Britain and the continent on the construction of the treaty of Washington / IX.	1
1861-1899	frus1872p2v4	VII. Appendix: Opinions of statesmen, magazines, and journals of Great Britain and the continent on the construction of the treaty of Washington / V.	1
1861-1899	frus1872p2v4	VII. Appendix: Opinions of statesmen, magazines, and journals of Great Britain and the continent on the construction of the treaty of Washington / VI.	1
1861-1899	frus1872p2v4	VII. Appendix: Opinions of statesmen, magazines, and journals of Great Britain and the continent on the construction of the treaty of Washington / VII.	1
1861-1899	frus1872p2v4	VII. Appendix: Opinions of statesmen, magazines, and journals of Great Britain and the continent on the construction of the treaty of Washington / VIII.	1
1861-1899	frus1872p2v5	I. Memorial on the Canal de Haro as the boundary line of the United States of America, presented in the name of the American government to His Majesty William I, German Emperor and King of Prussia, as arbitrator, by the American plenipotentiary, George Bancroft.	1
1861-1899	frus1872p2v5	II. Case of the government of Her Britannic Majesty, submitted to the arbitration and award of His Majesty the Emperor of Germany, in accordance with Article XXXIV of the treaty between Great Britain and the United States of America, signed at Washington, May 8, 1871.	1
1861-1899	frus1872p2v5	III. Reply of the United States to the case of the government of Her Britannic Majesty, presented to His Majesty the Emperor of Germany, as arbitrator, under the provisions of the Treaty of Washington, June 12, 1872. / Reply.	1
1861-1899	frus1872p2v5	IV. Northwest American water boundary. Second and definitive statement on behalf of the government of Her Britannic Majesty, submitted to His Majesty the Emperor of Germany, under the Treaty of Washington of May 8, 1871. / *Memorandum relative to the origin and privileges of the Hudson’s Bay Company.Referred to in the Statement, page 2, note *.[xxvii]	1
1861-1899	frus1872p2v5	IV. Northwest American water boundary. Second and definitive statement on behalf of the government of Her Britannic Majesty, submitted to His Majesty the Emperor of Germany, under the Treaty of Washington of May 8, 1871. / Northwest American water boundary.	1
1861-1899	frus1872p2v5	V. Correspondence. / Charts which accompanied the case of the government of Her Britannic Majesty.	1
1861-1899	frus1873p2v3	Confidential memorandum for the use of the commissioners on the part of the United States in the American-British Joint High Commission, Washington, 1871. / II.—The fisheries.	1
1861-1899	frus1873p2v3	Confidential memorandum for the use of the commissioners on the part of the United States in the American-British Joint High Commission, Washington, 1871. / III.—Navigation of the St. Lawrence.	1
1861-1899	frus1873p2v3	Confidential memorandum for the use of the commissioners on the part of the United States in the American-British Joint High Commission, Washington, 1871. / V.— Northwest water boundary and the island of San Juan.	1
1861-1899	frus1873p2v3	II.—Appointment of the American commissioners and secretary. / II.—Appointments.	1
1861-1899	frus1873p2v3	III.—Instructions to the American commissioners. / III.—Instructions to the American commissioners.	1
1861-1899	frus1874	Proclamation, etc.	1
1861-1899	frus1875v01	Barbary States. / TUNIS.	1
1861-1899	frus1888p2	Correspondence with the minister of foreign affairs of Salvador	1
1861-1899	frus1888p2	Inclosures. / Part II.—Correspondence relative to the Abolition of Tonnage Dues.	1
1861-1899	frus1894app2	Senate Ex. Doc. No. 156, Fifty-third Congress, second session / Message from the President of the United States, transmitting A dispatch from the U. S. minister at Honolulu	1
1861-1899	frus1894app2	Senate Ex. Doc. No. 57, Fifty-third Congress, second session / Message from the President of the United States, transmitting copies of additional dispatches from the minister at Hawaii, and inclosures accompanying the same.	1
1861-1899	frus1894app2	Senate Ex. Doc. No. 60, Fifty-third Congress, third session / Message from the President of the United States, transmitting Copy of a dispatch from Mr. Willis, minister at Hawaii, and the reply thereto.	1
1861-1899	frus1894app2	Senate Ex. Doc. No. 65, Fifty-third Congress, second session / Message from the President of the United States, transmitting A dispatch and inclosures recently received from the minister at Hawaii.	1
1861-1899	frus1894app2	Senate Ex. Doc. No. 77, Fifty-second Congress, second session / Report upon the official relations of the United States with the Hawaiian Islands from the first appointment of a consular officer there by this government.	1
1861-1899	frus1894app2	Senate Ex. Doc. No. 85, Fifty-third Congress, second session / Message from the President of the United States, transmitting A dispatch from U. S. minister at Honolulu, with the reply thereto.	1
1861-1899	frus1894app2	Senate Ex. Doc. No. 92, Fifty-third Congress, second session / Message from the President of the United States, transmitting A communication from the Secretary of State in regard to recent dispatches from the U. S. minister at Honolulu.	1
1861-1899	frus1896	Greater Republic of Central America / Nicaraguan Canal	1
1861-1899	frus1897	Greater Republic of Central America / Arbitration of the boundary dispute between Nicaragua and Costa RicaSee ante, p. 111.	1
1861-1899	frus1898	Miscellaneous / Circulars to the United States legations—International Postal Congress	1
1861-1899	frus1898	Miscellaneous / Circulars to the United States representatives abroad—War with Spain	1
1900-1905	frus1901China	Agreement between Germany and Great Britain in regard to their mutual policy in China, October 16, 1900.	144
1900-1905	frus1901China	Telegraphic Correspondence.	79
1900-1905	frus1905	CircularsCorrespondence / Death of Secretary of State John Hay	53
1900-1905	frus1902app1	Case No. 1: The Cape Horn Pigeon, American whaling bark, arrested and seized in the Sea of Okhotsk by an armed vessel of the Imperial Russian Government, taken to Vladivostok, detained there until the end of the whaling season, and finally released without trial. / The Cape Horn Pigeon, American whaling bark, arrested and seized in the Sea of Okhotsk by an armed vessel of the Imperial Russian Government, taken to Vladivostok, detained there until the end of the whaling season, and finally released without trial.	31
1900-1905	frus1902app1	Case No. 2: The American schooner “James Hamilton Lewis” arrested and seized in the Bering Sea by a cruiser of the Imperial Government of Russia and confiscated by said Imperial Government. / The American Schooner “James Hamilton Lewis” Arrested and Seized in the Bering Sea by a Cruiser of the Imperial Government of Russia and confiscated by said Imperial Government.	21
1900-1905	frus1901China	Negotiations of the powers with China.	20
1900-1905	frus1902app2	PART VI. Record of proceedings before the Permanent Court of Arbitration under The Hague Convention of 1899 in the matter of the Pious Fund of the Californias, from September 15, 1902, to October 14, 1902, including copy of the official minutes, or procès-verbaux, with index. / Record of proceedings before the special tribunal.	19
1900-1905	frus1904	Correspondence.Circulars. / Proclamations and decrees of neutrality issued during the war between Russia and Japan	19
1900-1905	frus1902app1	Surrejoinder of the party defendant to the rejoinder of the party claimant to the counter memorandum of the Russian government presented to the honorable arbitrator, Mr. T. M. C. Asser, Counselor of State of the Netherlands. / Surrejoinder of the party defendant.	13
1900-1905	frus1902app1	Case No. 3: The “C. H. White.” / statement of the case.	12
1900-1905	frus1902app1	The hearing before the honorable arbitrator, Mr. T. M. C. Asser, in the arbitration for the purpose of adjusting the differences between the government of the United States of America, party claimant, and the Imperial Russian Government, party defendant, relative to the arrests and seizures of the American vessels “Cape Horn Pigeon,” “James Hamilton Lewis,” “C. H. White,” and “Kate and Anna”.	11
1900-1905	frus1902app2	PART VI. Record of proceedings before the Permanent Court of Arbitration under The Hague Convention of 1899 in the matter of the Pious Fund of the Californias, from September 15, 1902, to October 14, 1902, including copy of the official minutes, or procès-verbaux, with index. / Protocoles des séances du tribunal d’arbitrage constitué en vertu du traité du 22 Mai 1902 signé à Washington entre les gouvernements des Etats-Unis d’Amérique et des Etats-Unis Mexicains.	11
1900-1905	frus1902app1	Case No. 4: The “Kate and Anna.” / statement of the case.	10
1900-1905	frus1902app2	PART V. Exhibits. / Translation of extracts referred to in the “Brief History of the Pious Fund of the Californias,” and to be found on pages 187 to 221 of the record in the case of Alemany v. Mexico.	9
1900-1905	frus1905	CircularsCorrespondence / Territorial integrity of China	8
1900-1905	frus1902app1	SECOND CASE. / Seizure and confiscation of the schooner James Hamilton Lewis.	7
1900-1905	frus1902app2	Deposition of Mr. John T. Doyle, with exhibits.	7
1900-1905	frus1902app2	PART II. Pleadings.	5
1900-1905	frus1902app2	Affidavit of the Most Rev. Patrick W. Riordan, archbishop of San Francisco, dated September 16, 1902.	4
1900-1905	frus1902app2	Discovery made by United States, on motion by Mexico, relative to Indian population of California.	4
1900-1905	frus1902app2	Extracts and translations from “Noticias de Californias,” etc.	4
1900-1905	frus1902app2	PART V. Exhibits. / Proof of succession of the Most Reverend Patrick William Riordan, archbishop of San Francisco.	3
1900-1905	frus1902app2	Proof of succession of the Rt. Rev. George Montgomery, R. C. Bishop of Monterey.	3
1900-1905	frus1902	Circulars / Passports for persons residing or sojourning abroad.	2
1900-1905	frus1902app1	FIRST CASE. / Seizure of the American whaling bark Cape Horn Pigeon.	2
1900-1905	frus1902app1	Letter from the secretary of state, transmitting a dispatch from Herbert H. D. Peirce, agent of the United States in the matter of the whaling and sealing claims against Russia.	2
1900-1905	frus1902app1	THIRD CASE. / Detention and confiscation of the American schooner C. H. White.	2
1900-1905	frus1902app1	THIRD CASE. / The C. H. White.	2
1900-1905	frus1902app2	Letter of the Mexican legation at Rome to the Holy See, dated April 6, 1840, and affidavit of the Most Reverend Patrick William Riordan.	2
1900-1905	frus1904	Correspondence.Circulars. / Designation of the diplomatic and consular service as “American” instead of “United States”	2
1900-1905	frus1904	Correspondence.Circulars. / Neutral commerce in articles conditionally contraband of war	2
1900-1905	frus1904	Correspondence.Circulars. / Proposal for a second Hague Conference	2
1900-1905	frus1905	CircularsCorrespondence / Foreign consular officers in the Isthmian Canal Zone	2
1900-1905	frus1901China	Message from the president of the United States, transmitting report of William W. Rockhill, late commissioner to China, with acccompanying documents.	1
1900-1905	frus1902	Circulars / Cessation of military occupation of Cuba by the United States.	1
1900-1905	frus1902	Circulars / Charge of diplomatic mission in the absence of its head: Construction of article 19 of Instructions to Diplomatic Officers.	1
1900-1905	frus1902	Circulars / Charges against diplomatic and consular officers.	1
1900-1905	frus1902	Circulars / Passports to residents of insular possessions of the United States.	1
1900-1905	frus1902	Circulars / Passports—intent to return to the United States.	1
1900-1905	frus1902	Circulars / Protection of Cuban interests by United States consular officials.	1
1900-1905	frus1902app1	CASE II. / The “James Hamilton Lewis.”	1
1900-1905	frus1902app1	COUNTER MEMORANDUM. / FOURTH CASE.	1
1900-1905	frus1902app1	Rejoinder of the party claimant to the counter memorandum of the defendant party to the honorable arbitrator, Mr. T. M. C. Asser, Counsellor of State of the Kingdom of the Netherlands. / Rejoinder of the party claimant.	1
1900-1905	frus1902app1	Surrejoinder of the party defendant to the rejoinder of the party claimant to the counter memorandum of the Russian government presented to the honorable arbitrator, Mr. T. M. C. Asser, Counselor of State of the Netherlands. / CASE I.	1
1900-1905	frus1902app2	Argument for a rehearing.	1
1900-1905	frus1902app2	Argument for the defense before the honorable umpire.	1
1900-1905	frus1902app2	Deposition of the Most Reverend Patrick William Riordan, archbishop of San Francisco.	1
1900-1905	frus1902app2	Mexican call for discovery.	1
1900-1905	frus1902app2	PART III. Appendix to Record.	1
1900-1905	frus1902app2	PART III. Appendix to Record. / Appendix to Record.	1
1900-1905	frus1902app2	PART IV. Briefs Submitted to the Permanent Court of Arbitration on Behalf of the United States.	1
1900-1905	frus1902app2	PART V. Exhibits.	1
1900-1905	frus1902app2	PART V. Exhibits. / Powers of attorney from the bishops of Sacramento and Monterey to the archbishop of San Francisco.	1
1900-1905	frus1902app2	PART VI. Record of proceedings before the Permanent Court of Arbitration under The Hague Convention of 1899 in the matter of the Pious Fund of the Californias, from September 15, 1902, to October 14, 1902, including copy of the official minutes, or procès-verbaux, with index. / Record of proceedings.	1
1900-1905	frus1902app2	Supplemental affidavit of the Most Reverend Patrick William Riordan, archbishop of San Francisco.	1
1900-1905	frus1903	Front Matter / CorrespondenceCircular: Recognition of the Republic of Panama	1
1900-1905	frus1904	Correspondence.Circulars. / Neutrality of China in the war between Russia and Japan	1
1900-1905	frus1904	Correspondence.Circulars. / Opening of the Canal Zone of the Isthmus of Panama to commerce	1
1900-1905	frus1904	Correspondence.Circulars. / Pacific settlement of international disputes	1
1900-1905	frus1904	Correspondence.Circulars. / Protection of Panaman interests by consular officers of the United States	1
1900-1905	frus1905	CircularsCorrespondence / Appointment of Elihu Root as Secretary of State	1
1900-1905	frus1905	CircularsCorrespondence / Moroccan Conference	1
1900-1905	frus1905	CircularsCorrespondence / Neutrality of China in the war between Russia and Japan	1
1900-1905	frus1905	CircularsCorrespondence / Withdrawal of the American legation from Korea	1
