54D270	1063	RG-59
M88	697	RG-59
59D95	283	RG-59
64D560	248	RG-59
62D181	197	RG-59
93D188	151	RG-59
60D137	131	RG-59
64D559	131	RG-59
63D123	119	RG-59
96D262	98	RG-59
89D149	91	RG-59
90D397	86	RG-59
61D385	82	RG-59
54D291	70	RG-59
F96	70	RG-84
65D533	67	RG-59
65D366	61	RG-59
53D250	52	RG-59
57D284	48	RG-59
92D52	48	RG-59
55D36	43	RG-59
85D308	41	RG-59
61D282A	37	RG-59
92D630	36	RG-59
90D110	33	RG-59
52M45	30	RG-59
F73	30	RG-84
01D127	27	RG-59
84D204	26	RG-59
90D165	26	RG-59
79F80	25	RG-84
89D139	25	RG-59
03D256	22	RG-59
53A278	22	RG-59
54D5	22	RG-59
59F59	22	RG-84
F79	21	RG-84
89D378	19	RG-59
81D64	18	RG-59
93D490	18	RG-59
94D419	18	RG-59
55D338	17	RG-59
58D459	17	RG-59
94D430	17	RG-59
W130	17	RG-59
57M38	16	RG-59
58D609	16	RG-59
02D360	15	RG-59
W1444	15	RG-59
58D374	14	RG-59
70D149	14	RG-59
77F121	14	RG-84
85D193	14	RG-59
85D330	14	RG-59
57F103	13	RG-84
58F47	13	RG-84
82D85	13	RG-59
03D102	12	RG-59
06D436	12	RG-59
56D581	12	RG-59
95D23	12	RG-59
53D443	11	RG-59
65D238	11	RG-59
87D327	11	RG-59
93D393	11	RG-59
56D551	10	RG-59
57F72	10	RG-84
79D246	10	RG-59
85D105	10	RG-59
52M64	9	RG-59
54D190	9	RG-59
65D68	9	RG-59
65F115	9	RG-84
86D362	9	RG-59
90D99	9	RG-59
60D661	8	RG-59
79F186	8	RG-84
89D154	8	RG-59
89D155	8	RG-59
96D484	8	RG-59
122	7	RG-59
5226	7	RG-59
58F33	7	RG-84
77F114	7	RG-84
77F54	7	RG-84
80D135	7	RG-59
85F104	7	RG-84
89D137	7	RG-59
89D184	7	RG-59
93D187	7	RG-59
93D395	7	RG-59
W131	7	RG-59
428	6	RG-59
79F118	6	RG-84
79F187	6	RG-84
87D431	6	RG-59
89D156	6	RG-59
89D489	6	RG-59
94D411	6	RG-59
94D92	6	RG-59
95D334	6	RG-59
99D344	6	RG-59
484	5	RG-59
53D255	5	RG-59
55F74	5	RG-84
57D56	5	RG-59
58D545	5	RG-59
61D386	5	RG-59
62F30	5	RG-84
64D391	5	RG-59
64F64	5	RG-84
79F206	5	RG-84
81D5	5	RG-59
87D326	5	RG-59
90D438	5	RG-59
95D26	5	RG-59
96F335	5	RG-84
W13	5	RG-59
03D012	4	RG-59
12D215	4	RG-59
54D328	4	RG-59
54F57	4	RG-84
55F139BOX2	4	RG-84
56D324	4	RG-59
56D569	4	RG-59
58D243	4	RG-59
58D344	4	RG-59
58D749	4	RG-59
59D376	4	RG-59
59D518;ALPHAANDERSONTALKSW/BG&NASSER	4	RG-59
59F48	4	RG-84
64D149	4	RG-59
66D209	4	RG-59
69D277	4	RG-59
72F81	4	RG-84
77D51	4	RG-59
77D9	4	RG-59
78F160	4	RG-84
79F54	4	RG-84
80F170	4	RG-84
80F29	4	RG-84
81F1	4	RG-84
87D177	4	RG-59
87D258	4	RG-59
93D191	4	RG-59
95D025	4	RG-59
96D277	4	RG-59
98D419	4	RG-59
W745	4	RG-59
00D471	3	RG-59
05D259	3	RG-59
52D295	3	RG-59
52F2	3	RG-84
54D361	3	RG-59
55D375	3	RG-59
55D540	3	RG-59
56D412	3	RG-59
58D722	3	RG-59
58F57	3	RG-84
59D260	3	RG-59
60F16	3	RG-84
63D436	3	RG-59
64D204	3	RG-59
64D359	3	RG-59
66D502	3	RG-59
69D158	3	RG-59
71D504	3	RG-59
72D294	3	RG-59
73D353	3	RG-59
75D243	3	RG-59
78D297	3	RG-59
79F132	3	RG-84
79F134	3	RG-84
80F185	3	RG-84
84D147	3	RG-59
85D251	3	RG-59
86D157	3	RG-59
87D73	3	RG-59
89D136	3	RG-59
89D250	3	RG-59
89D265	3	RG-59
89D283	3	RG-59
89D56	3	RG-59
90D180	3	RG-59
90D234	3	RG-59
90D400	3	RG-59
92D228	3	RG-59
92D403	3	RG-59
92D622	3	RG-59
94D092	3	RG-59
94D433	3	RG-59
99D369	3	RG-59
FILE84D241	3	RG-59
00D469	2	RG-59
16D0355	2	RG-59
53D244	2	RG-59
53D255FILESOFTHESOUTHEASTASIAAIDPOLICYCOMMITTEE	2	RG-59
53D291	2	RG-59
53D417	2	RG-59
54D361E	2	RG-59
54D514	2	RG-59
55D339	2	RG-59
55D374	2	RG-59
55D413	2	RG-59
55D598	2	RG-59
55F125	2	RG-84
56F149	2	RG-84
57D108	2	RG-59
57D148	2	RG-59
57D177	2	RG-59
57D567	2	RG-59
57D649	2	RG-59
58C133	2	RG-59
58D191	2	RG-59
58D332	2	RG-59
58D455	2	RG-59
58D460	2	RG-59
58D562	2	RG-59
58D766	2	RG-59
58F62	2	RG-84
58M27	2	RG-59
59D206	2	RG-59
59D369	2	RG-59
59D38	2	RG-59
59D578	2	RG-59
59F17	2	RG-84
59F222	2	RG-84
59F7	2	RG-84
60D322	2	RG-59
60D641	2	RG-59
61D1	2	RG-59
61D147	2	RG-59
61D220	2	RG-59
61D249	2	RG-59
61D56	2	RG-59
61F14	2	RG-84
62D272	2	RG-59
62F52	2	RG-84
63D106	2	RG-59
63D134	2	RG-59
63D89	2	RG-59
64D230	2	RG-59
64D599	2	RG-59
64D653	2	RG-59
64F22	2	RG-84
65D331	2	RG-59
65D336	2	RG-59
65F98	2	RG-84
66D195	2	RG-59
66D199	2	RG-59
66D304	2	RG-59
66D8	2	RG-59
68F77	2	RG-84
69D258	2	RG-59
69D306	2	RG-59
71D483	2	RG-59
72D204	2	RG-59
72D272	2	RG-59
74D349	2	RG-59
74D417	2	RG-59
75D289	2	RG-59
76F161	2	RG-84
77D22	2	RG-59
77F53	2	RG-84
80D307	2	RG-59
80F162	2	RG-84
84D247	2	RG-59
86D112	2	RG-59
86D184	2	RG-59
86D189	2	RG-59
86D76	2	RG-59
87D37	2	RG-59
88D100	2	RG-59
88D99	2	RG-59
89D169	2	RG-59
89D213	2	RG-59
90D14	2	RG-59
90D36	2	RG-59
90D410	2	RG-59
90D46	2	RG-59
91D371	2	RG-59
92D308	2	RG-59
93D558	2	RG-59
93D592	2	RG-59
94D432	2	RG-59
94D565	2	RG-59
F132	2	RG-84
F135	2	RG-84
F150	2	RG-84
FILE81D109	2	RG-59
00D239	1	RG-59
06D279	1	RG-59
06D379	1	RG-59
16D417	1	RG-59
2016F0003	1	RG-84
428LOTS428AND55D323	1	RG-59
5	1	RG-59
50D270	1	RG-59
52D324	1	RG-59
52D444	1	RG-59
52F17	1	RG-84
52F34	1	RG-84
534D444	1	RG-59
53A441	1	RG-59
53D261	1	RG-59
53D351	1	RG-59
53D46S	1	RG-59
53D544	1	RG-59
53M1	1	RG-59
54D190CONSOLIDATEDFILESOFTHEOFFICEOFPHILIPPINEANDSOUTHEASTASIANAFFAIRS	1	RG-59
54D190FILESOFTHEOFFICEOFPHILIPPINEANDSOUTHEASTASIANAFFAIRS	1	RG-59
54D198	1	RG-59
54D211	1	RG-59
54D243	1	RG-59
54D316	1	RG-59
54D4423	1	RG-59
54D444	1	RG-59
54D510	1	RG-59
54D539	1	RG-59
54D5FILESOFTHEFOREIGNASSISTANCECORRELATIONCOMMITTEEANDITSSUCCESSOR	1	RG-59
55D275	1	RG-59
55D277	1	RG-59
55D323TWOLOTFILESCONTAININGRECORDSOFTHEOFFICEOFSPECIALPOLITICALAFFAIRSANDITSSUCCESSORORGANIZATION	1	RG-59
55D475	1	RG-59
55D668	1	RG-59
55F124312SC/350SCSPAIN	1	RG-84
55F17	1	RG-84
55F43	1	RG-84
55F44	1	RG-84
56A211	1	RG-59
56D217	1	RG-59
56D645	1	RG-59
56F158	1	RG-84
56F159	1	RG-84
56F191	1	RG-84
56F679	1	RG-84
57D178	1	RG-59
57D2S	1	RG-59
57D548	1	RG-59
57D573	1	RG-59
57D663	1	RG-59
57D668	1	RG-59
57D696	1	RG-59
57F108	1	RG-84
585133	1	RG-59
58D132	1	RG-59
58D193	1	RG-59
58D207CERTAINFILESOFTHEOFFICEOFPHILIPPINEANDSOUTHEASTASIANAFFAIRS	1	RG-59
58D244	1	RG-59
58D309	1	RG-59
58D35	1	RG-59
58D386	1	RG-59
58D387	1	RG-59
58D398	1	RG-59
58D399	1	RG-59
58D549	1	RG-59
58D738	1	RG-59
58F125	1	RG-84
58F29	1	RG-84
58F35	1	RG-84
58F6	1	RG-84
58F7	1	RG-84
58F95	1	RG-84
59D05	1	RG-59
59D12	1	RG-59
59D253	1	RG-59
59D258	1	RG-59
59D352	1	RG-59
59D509	1	RG-59
59D518;ALPHAMEMOS	1	RG-59
59D518;OMEGAEGYPTDAM	1	RG-59
59D6	1	RG-59
59D62	1	RG-59
59F15	1	RG-84
59F180	1	RG-84
59F208	1	RG-84
59F3	1	RG-84
59F59FILE850MARSHALLPLAN	1	RG-84
5SF7	1	RG-59
60	1	RG-59
60B224	1	RG-59
60D147	1	RG-59
60D167	1	RG-59
60D187	1	RG-59
60D244	1	RG-59
60D27	1	RG-59
60D544	1	RG-59
60D55	1	RG-59
60D577	1	RG-59
60D629	1	RG-59
60D641LOT60D641ISACOLLECTIONOFMEMORANDAOFTHEPRESSCONFERENCESOFTHESECRETARYOFSTATE	1	RG-59
60D67	1	RG-59
60P224	1	RG-59
61D131	1	RG-59
61D34	1	RG-59
61D37	1	RG-59
61D413	1	RG-59
61D445	1	RG-59
61D472	1	RG-59
61D7	1	RG-59
61D77	1	RG-59
61F30	1	RG-84
61F98	1	RG-84
62D106	1	RG-59
62D118	1	RG-59
62D21	1	RG-59
62D443	1	RG-59
62D627	1	RG-59
62F43	1	RG-84
62F69	1	RG-84
63A1770	1	RG-59
63D1	1	RG-59
63D148	1	RG-59
63D190	1	RG-59
63D221	1	RG-59
63D308	1	RG-59
63D327	1	RG-59
63D350	1	RG-59
63D351NSC65SERIES	1	RG-59
63D531	1	RG-59
63D82	1	RG-59
63F50	1	RG-84
63F61	1	RG-84
63F84	1	RG-84
63L351	1	RG-59
64A2710	1	RG-59
64D	1	RG-59
64D152	1	RG-59
64D167	1	RG-59
64D199;BOTHINCLUDEDINTHEMICROFICHESUPPLEMENT	1	RG-59
64D199;INCLUDEDINTHEMICROFICHESUPPLEMENT	1	RG-59
64D206	1	RG-59
64D240	1	RG-59
64D341	1	RG-59
64D350	1	RG-59
64D358;UNITEDNATIONSGENERALUNIONOFSOUTHAFRICA	1	RG-59
64D423	1	RG-59
64D467	1	RG-59
64D469	1	RG-59
64D484	1	RG-59
64D523	1	RG-59
64D535	1	RG-59
64D54	1	RG-59
64D563FILEOFTHEPOLICYPLANNINGSTAFFOFTHEDEPARTMENTOFSTATE	1	RG-59
64D563FILESOFTHEPOLICYPLANNINGSTAFF	1	RG-59
64D563FILESOFTHEPOLICYPLANNINGSTAFFOFTHEDEPARTMENTOFSTATE	1	RG-59
64D566	1	RG-59
64D571	1	RG-59
64D577	1	RG-59
64F106	1	RG-84
64F17	1	RG-84
64F291	1	RG-84
64F563	1	RG-84
64F6	1	RG-84
64F87	1	RG-84
65D398	1	RG-59
65D439	1	RG-59
65D482	1	RG-59
65D81	1	RG-59
65D987	1	RG-59
65F4	1	RG-84
66A3542VIETNAM1962	1	RG-59
66D298/19	1	RG-59
66D305	1	RG-59
66D407	1	RG-59
66D513	1	RG-59
66DEDENTOEISENHOWERCORRESPONDENCE19551956VOL	1	RG-59
66S298	1	RG-59
67D167	1	RG-59
67D466	1	RG-59
67F117	1	RG-84
68A5159	1	RG-59
68D323	1	RG-59
69D191	1	RG-59
69D396	1	RG-59
6D379	1	RG-59
6SD366	1	RG-59
70A1266	1	RG-59
70D351	1	RG-59
70D398	1	RG-59
70D442	1	RG-59
70D647	1	RG-59
70D823	1	RG-59
70F206	1	RG-84
71D224	1	RG-59
72A5030	1	RG-59
72D190	1	RG-59
72D1960	1	RG-59
72D235	1	RG-59
72D242	1	RG-59
72D464	1	RG-59
72D467	1	RG-59
72D96	1	RG-59
73D139	1	RG-59
73D288FOREIGNECONOMICPOLICYCOUNCIL	1	RG-59
73D374	1	RG-59
73D395	1	RG-59
74D29	1	RG-59
74D343	1	RG-59
74D484	1	RG-59
74D51	1	RG-59
75A02	1	RG-59
75D137	1	RG-59
75D165	1	RG-59
75D265	1	RG-59
75D277	1	RG-59
75D65	1	RG-59
76D110	1	RG-59
76F44	1	RG-84
77A17	1	RG-59
77D163;ITISATTACHEDTOABRIEFNOTEFROMRUSKTOMCNAMARASTATINGTHATBUNDYHADHANDEDITTOHIMTHEMORNINGOFJANUARY18	1	RG-59
77D351	1	RG-59
77DD112	1	RG-59
78D130	1	RG-59
78D155	1	RG-59
78F118	1	RG-84
79D31	1	RG-59
79D354	1	RG-59
79D379	1	RG-59
79F111	1	RG-84
79F123	1	RG-84
80D110	1	RG-59
80D305	1	RG-59
80F5	1	RG-84
80F64	1	RG-84
81D344	1	RG-59
81F58	1	RG-84
81F59	1	RG-84
83D340	1	RG-59
83F67	1	RG-84
83S210	1	RG-59
84830001	1	RG-59
84D161	1	RG-59
87D452	1	RG-59
89D056	1	RG-59
89D336	1	RG-59
89D94	1	RG-59
90D327	1	RG-59
90D408	1	RG-59
90D413	1	RG-59
91D231	1	RG-59
91D273	1	RG-59
91D372	1	RG-59
92D165	1	RG-59
92D207	1	RG-59
92D223	1	RG-59
92D227	1	RG-59
92D49	1	RG-59
92D52NOVEMBER191984ESSENSITIVEDOCUMENTS	1	RG-59
92D97	1	RG-59
93D390	1	RG-59
94D093	1	RG-59
94D552	1	RG-59
94D566	1	RG-59
94D93	1	RG-59
95D552	1	RG-59
96D696	1	RG-59
99D364	1	RG-59
D199	1	RG-59
F167	1	RG-84
F169	1	RG-84
F21	1	RG-84
F31	1	RG-84
F84	1	RG-84
FILE66D329	1	RG-59
FILE92D52	1	RG-59
FILES80D212	1	RG-59
LOT92D52	1	RG-59
NO	1	RG-59
O4D199	1	RG-59
W1425	1	RG-59
W144	1	RG-59
W3127	1	RG-59
