volume	volumeYear	docsInCache	docsInStructure	docsUnderCountryTitle	shareUnderCountryTitle	countryTitleCount	a	b	c	e	d	gate_year>=1906	gate_noDateline	gate_noYear	gate_noSectionPath
frus1861	1861	313	312	300	0.9615	21	273	2	4	0	34	0	1	0	0
frus1862	1862	721	720	711	0.9875	25	629	8	20	3	61	0	6	1	0
frus1863p1	1863	695	695	357	0.5137	1	345	1	0	0	349	0	1	1	0
frus1863p2	1863	641	641	592	0.9236	20	525	31	13	1	71	0	1	0	0
frus1864p1	1864	399	398	351	0.8819	1	334	0	0	0	65	0	2	0	0
frus1864p2	1864	594	594	0	0.0	0	0	0	0	1	593	0	1	0	0
frus1864p3	1864	529	529	450	0.8507	5	449	0	0	0	80	0	0	0	0
frus1864p4	1864	484	484	438	0.905	12	367	33	0	0	84	0	0	3	0
frus1865p1	1865	393	391	391	1.0	1	390	0	0	0	3	0	2	0	0
frus1865p2	1865	675	675	311	0.4607	5	292	2	12	0	369	0	5	1	0
frus1865p3	1865	766	766	730	0.953	12	586	35	68	0	77	0	1	3	0
frus1865p4	1865	1147	1146	1041	0.9084	34	723	6	9	7	402	0	87	125	0
frus1866p1	1866	516	516	380	0.7364	8	376	2	0	0	138	0	0	0	0
frus1866p2	1866	558	558	462	0.828	21	337	11	0	0	210	0	0	0	0
frus1866p3	1866	223	223	96	0.4305	3	89	0	0	0	134	0	2	1	0
frus1867p1	1867	640	640	622	0.9719	13	538	12	11	0	79	0	0	0	0
frus1867p2	1867	515	515	478	0.9282	18	339	21	35	0	120	0	1	1	0
frus1868p1	1868	399	399	344	0.8622	6	339	2	0	0	58	0	2	3	0
frus1868p2	1868	668	668	640	0.9581	27	539	20	14	2	93	0	7	6	0
frus1870	1870	301	300	220	0.7333	16	178	16	4	3	100	0	4	0	0
frus1871	1871	436	436	421	0.9656	23	351	5	8	0	72	0	3	4	0
frus1872p1	1872	503	502	484	0.9641	29	390	16	1	0	96	0	6	0	0
frus1872p2v1	1872	513	512	0	0.0	0	0	0	0	32	481	0	10	18	0
frus1872p2v2	1872	272	272	0	0.0	0	0	3	0	0	269	0	16	32	0
frus1872p2v3	1872	40	40	0	0.0	0	0	0	0	0	40	0	2	12	0
frus1872p2v4	1872	50	50	0	0.0	0	0	0	0	0	50	0	1	7	0
frus1872p2v5	1872	164	163	0	0.0	0	0	0	0	0	164	0	4	22	0
frus1873p1v1	1873	310	309	0	0.0	0	0	0	0	0	310	0	5	0	0
frus1873p1v2	1873	324	324	67	0.2068	23	27	22	0	1	274	0	8	48	0
frus1873p2v3	1873	84	84	0	0.0	0	0	0	0	0	84	0	2	18	0
frus1874	1874	817	816	796	0.9755	28	651	59	29	1	77	0	4	9	0
frus1875v01	1875	309	308	291	0.9448	16	251	13	5	0	40	0	5	0	0
frus1875v02	1875	400	399	399	1.0	16	336	20	14	0	30	0	2	8	0
frus1876	1876	355	349	332	0.9513	26	291	16	3	0	45	0	11	3	3
frus1877	1877	355	354	328	0.9266	27	281	14	15	0	45	0	2	0	0
frus1877app	1877	46	46	43	0.9348	17	9	22	0	1	14	0	0	0	0
frus1878	1878	551	550	518	0.9418	30	437	22	20	5	67	0	2	2	0
frus1879	1879	536	535	488	0.9121	29	432	24	14	7	59	0	4	0	0
frus1880	1880	668	667	572	0.8576	27	510	25	24	4	105	0	1	0	0
frus1881	1881	756	755	705	0.9338	28	621	0	29	0	106	0	7	0	0
frus1882	1882	406	405	363	0.8963	23	308	0	16	21	61	0	3	0	0
frus1883	1883	601	600	566	0.9433	26	500	0	22	0	79	0	1	1	0
frus1884	1884	475	474	474	1.0	26	412	0	29	0	34	0	3	1	0
frus1885	1885	716	715	710	0.993	24	629	0	62	0	25	0	3	2	0
frus1886	1886	453	452	452	1.0	25	342	19	36	0	56	0	1	3	0
frus1887	1887	703	701	680	0.97	29	573	0	60	1	69	0	5	1	0
frus1888p1	1888	715	715	684	0.9566	16	591	1	39	0	84	0	1	6	0
frus1888p2	1888	644	644	556	0.8634	37	462	4	70	3	105	0	5	2	0
frus1889	1889	350	350	318	0.9086	20	269	0	35	0	46	0	1	1	0
frus1890	1890	502	502	499	0.994	19	451	0	24	0	27	0	0	0	0
frus1891	1891	688	688	688	1.0	18	539	4	88	1	56	0	10	1	0
frus1892	1892	536	536	534	0.9963	19	475	0	49	0	12	0	0	0	0
frus1893	1893	700	698	682	0.9771	19	629	0	48	1	22	0	3	1	0
frus1894	1894	825	825	793	0.9612	28	606	4	84	0	131	0	1	4	0
frus1894Nicaragua	1894	139	138	0	0.0	0	0	13	0	0	126	0	1	0	0
frus1894app1	1894	812	812	0	0.0	0	0	13	0	1	798	0	3	0	0
frus1894app2	1894	522	522	0	0.0	0	0	0	0	2	520	0	64	14	0
frus1895p1	1895	692	686	682	0.9942	13	604	12	48	1	27	0	17	2	0
frus1895p2	1895	767	767	706	0.9205	14	587	0	71	0	109	0	5	1	0
frus1896	1896	901	897	827	0.922	22	601	13	70	2	215	0	12	3	0
frus1897	1897	622	621	602	0.9694	27	460	0	92	0	70	0	3	1	0
frus1898	1898	1197	1194	1150	0.9631	25	937	21	109	1	129	0	14	4	0
frus1899	1899	811	810	775	0.9568	34	579	0	64	0	168	0	1	0	0
frus1900	1900	1076	1075	1039	0.9665	37	882	13	66	0	115	0	12	2	0
frus1901	1901	544	543	527	0.9705	35	446	0	46	0	52	0	5	1	0
frus1901China	1901	313	312	0	0.0	0	0	0	0	0	313	0	15	7	0
frus1902	1902	1029	1028	1009	0.9815	36	880	1	60	0	88	0	13	2	0
frus1902app1	1902	206	195	0	0.0	0	0	0	0	0	206	0	77	20	2
frus1902app2	1902	120	116	0	0.0	0	0	0	0	0	120	0	31	25	0
frus1903	1903	837	836	809	0.9677	31	705	0	26	11	95	0	22	5	0
frus1904	1904	954	949	906	0.9547	38	787	25	42	4	96	0	17	2	0
frus1905	1905	1143	1136	1053	0.9269	36	868	1	92	2	180	2	17	10	0
frus1906p1	1906	742	738	649	0.8794	16	53	3	4	0	682	661	14	3	0
frus1906p2	1906	615	612	552	0.902	24	18	0	1	0	596	567	12	4	0
frus1907p1	1907	472	469	459	0.9787	19	2	0	0	0	470	457	13	0	0
frus1907p2	1907	534	524	278	0.5305	23	4	0	1	0	529	495	30	4	0
frus1908	1908	758	757	655	0.8653	40	1	0	0	0	757	725	30	1	0
frus1911	1911	1089	1078	1066	0.9889	35	1	0	0	0	1088	969	110	8	0
frus1917	1917	1488	1478	1411	0.9547	28	89	1	0	0	1398	1346	37	7	0
frus1925v02	1925	615	610	554	0.9082	25	0	0	0	0	615	585	24	6	0
frus1929v01	1929	859	858	78	0.0909	17	0	0	0	0	859	825	28	6	0
